slug,baslik,tarih,bolum,ana_kategori,ana_kategori_adi,alt_konu,hastaliklar,lokasyon,kelime_sayisi,gorsel_sayisi,wp_kategoriler,kaynak_url
umraniye-alfa-lipoik-asit,Ümraniye Alfa Lipoik Asit,2024-08-07,Destekleyici Tedaviler,alfa-lipoik-asit,Alfa Lipoik Asit,genel-yazi,,Ümraniye,2554,1,Alfa Lipoik Asit | Genel | Hastalıklarda Tedavi,https://hayrusifa.com.tr/umraniye-alfa-lipoik-asit/
uskudar-alfa-lipoik-asit-tedavisi,Üsküdar Alfa Lipoik Asit Tedavisi,2024-08-17,Destekleyici Tedaviler,alfa-lipoik-asit,Alfa Lipoik Asit,genel-yazi,,Üsküdar,1981,1,Alfa Lipoik Asit | Genel | Hastalıklarda Tedavi | Üsküdar alfa lipoik asit tedavisi,https://hayrusifa.com.tr/uskudar-alfa-lipoik-asit-tedavisi/
umraniye-fitoterapi,Ümraniye Fitoterapi,2024-08-13,Destekleyici Tedaviler,fitoterapi,Fitoterapi,genel-yazi,,Ümraniye,1884,1,Fitoterapi | Genel | Hastalıklarda Tedavi,https://hayrusifa.com.tr/umraniye-fitoterapi/
uskudar-fitoterapi,Üsküdar Fitoterapi,2024-08-15,Destekleyici Tedaviler,fitoterapi,Fitoterapi,genel-yazi,Cilt; Depresyon / Anksiyete; Hormon Bozukluğu; Kronik Yorgunluk; Otoimmün Hastalıklar,Üsküdar,1355,1,Anksiyete | Cilt | Genel | Hastalıklarda Tedavi | Hormon Bozukluğu | Kronik Yorgunluk | Otoimmün Hastalıklar | Üsküdar fitoterapi,https://hayrusifa.com.tr/uskudar-fitoterapi/
umraniye-hidroterapi,Ümraniye Hidroterapi,2024-08-10,Destekleyici Tedaviler,kolon-hidroterapi,Kolon Hidroterapi,genel-yazi,,Ümraniye,1832,1,Genel | Hidroterapi,https://hayrusifa.com.tr/umraniye-hidroterapi/
umraniye-kolon-terapi,Ümraniye Kolon Terapi,2024-08-06,Destekleyici Tedaviler,kolon-hidroterapi,Kolon Hidroterapi,genel-yazi,,Ümraniye,1989,1,Genel | Kolon Terapi,https://hayrusifa.com.tr/umraniye-kolon-terapi/
umraniye-kolon-terapi-2,Ümraniye Kolon Hidroterapi,2024-08-13,Destekleyici Tedaviler,kolon-hidroterapi,Kolon Hidroterapi,genel-yazi,,Ümraniye,1757,1,Genel | Hastalıklarda Tedavi | Kolon Terapi,https://hayrusifa.com.tr/umraniye-kolon-terapi-2/
uskudar-hidroterapi,Üsküdar Hidroterapi,2024-08-23,Destekleyici Tedaviler,kolon-hidroterapi,Kolon Hidroterapi,genel-yazi,,Üsküdar,1375,1,Genel | Hastalıklarda Tedavi | Hidroterapi | Üsküdar Hidroterapi,https://hayrusifa.com.tr/uskudar-hidroterapi/
uskudar-kolon-hidroterapi,Üsküdar Kolon Hidroterapi,2024-08-18,Destekleyici Tedaviler,kolon-hidroterapi,Kolon Hidroterapi,genel-yazi,,Üsküdar,1900,1,Genel | Hastalıklarda Tedavi | Üsküdar kolon hidroterapi,https://hayrusifa.com.tr/uskudar-kolon-hidroterapi/
uskudar-kolon-terapi,Üsküdar Kolon Terapi,2024-08-19,Destekleyici Tedaviler,kolon-hidroterapi,Kolon Hidroterapi,genel-yazi,,Üsküdar,971,1,Genel | Hastalıklarda Tedavi | Üsküdar kolon terapi,https://hayrusifa.com.tr/uskudar-kolon-terapi/
derin-doku-masaji-tibbi-hacamat,Derin Doku Masajı Tıbbi Hacamat,2018-04-26,Destekleyici Tedaviler,medikal-masaj,Medikal Masaj,genel-yazi,Ağrı,,482,3,Derin Doku | Genel | Hacamat | Hastalıklarda Tedavi,https://hayrusifa.com.tr/derin-doku-masaji-tibbi-hacamat/
umraniye-myers-kokteyl,Ümraniye Myers Kokteyl,2024-07-29,Destekleyici Tedaviler,myers-kokteyl,Myers Kokteyl,genel-yazi,,Ümraniye,2119,1,Genel | Hastalıklarda Tedavi | Myers Kokteyl,https://hayrusifa.com.tr/umraniye-myers-kokteyl/
uskudar-myers-kokteyl,Üsküdar Myers Kokteyl,2024-08-18,Destekleyici Tedaviler,myers-kokteyl,Myers Kokteyl,genel-yazi,,Üsküdar,1619,1,Genel | Hastalıklarda Tedavi | Üsküdar Myers Kokteyl,https://hayrusifa.com.tr/uskudar-myers-kokteyl/
refleksoloji-uygulamasi,Refleksoloji Uygulaması,2018-03-26,Destekleyici Tedaviler,refleksoloji,Refleksoloji,genel-yazi,,,56,3,Genel | Refleksoloji,https://hayrusifa.com.tr/refleksoloji-uygulamasi/
alternatif-tip-dogal-sifa-yontemlerinin-gucu,Alternatif Tıp: Doğal Şifa Yöntemlerinin Gücü,2024-12-02,Diğer Uygulamalar,genel,Genel / Doğal Tedavi,faydalari,,,481,1,Genel | Hayru Şifa | Sağlık,https://hayrusifa.com.tr/alternatif-tip-dogal-sifa-yontemlerinin-gucu/
hayru-sifa,Hayru Şifa,2016-05-10,Diğer Uygulamalar,genel,Genel / Doğal Tedavi,genel-yazi,,,19,2,Hayru Şifa,https://hayrusifa.com.tr/hayru-sifa/
umraniye-diyabet-tedavisi,Ümraniye Diyabet Tedavisi,2024-08-13,Diğer Uygulamalar,genel,Genel / Doğal Tedavi,genel-yazi,Diyabet,Ümraniye,2101,1,Diyabet | Genel | Hastalıklarda Tedavi,https://hayrusifa.com.tr/umraniye-diyabet-tedavisi/
uskudar-diyabet-tedavisi,Üsküdar Diyabet Tedavisi,2024-08-18,Diğer Uygulamalar,genel,Genel / Doğal Tedavi,genel-yazi,Diyabet,Üsküdar,1616,1,Diyabet | Genel | Hastalıklarda Tedavi | Üsküdar diyabet tedavisi,https://hayrusifa.com.tr/uskudar-diyabet-tedavisi/
eklemlerde-kireclenme-nedir,Eklemlerde Kireçlenme Nedir?,2018-03-31,Diğer Uygulamalar,genel,Genel / Doğal Tedavi,nedir-genel,Romatizma / Eklem,,482,3,Hastalıklarda Tedavi | Kireçlenme,https://hayrusifa.com.tr/eklemlerde-kireclenme-nedir/
akupunktur-ile-zayiflama,Akupunktur ile Zayıflama: Geleneksel Yöntemlerle Modern Çözümler,2024-09-03,Tedavi Yöntemleri,akupunktur,Akupunktur,bilimsel-tarihce,Obezite / Zayıflama,,2036,1,Akupunktur | Genel | Hastalıklarda Tedavi,https://hayrusifa.com.tr/akupunktur-ile-zayiflama/
akupunktur-nedir-faydalari-ve-bilimsel-dayanaklari,Akupunktur Nedir? Faydaları ve Bilimsel Dayanakları,2024-09-27,Tedavi Yöntemleri,akupunktur,Akupunktur,bilimsel-tarihce,,,2291,1,Akupunktur | Hayru Şifa,https://hayrusifa.com.tr/akupunktur-nedir-faydalari-ve-bilimsel-dayanaklari/
akupunktur-tedavisinin-tarihcesi-ve-modern-tiptaki-yeri,Akupunktur Tedavisinin Tarihçesi ve Modern Tıptaki Yeri,2024-10-18,Tedavi Yöntemleri,akupunktur,Akupunktur,bilimsel-tarihce,,,1456,1,Akupunktur | Hayru Şifa,https://hayrusifa.com.tr/akupunktur-tedavisinin-tarihcesi-ve-modern-tiptaki-yeri/
akupunktur-ve-modern-tip-arkasindaki-bilimsel-arastirma-ve-bulgular,Akupunktur ve Modern Tıp: Bilimsel Araştırma ve Bulgular,2024-07-26,Tedavi Yöntemleri,akupunktur,Akupunktur,bilimsel-tarihce,Ağrı; Depresyon / Anksiyete; Hormonal Denge; Kısırlık / Üreme; Migren,,1758,1,Adet Bozuklukları | Ağrı | Akupunktur | Anksiyete | Depresyon | Genel | Hastalıklarda Tedavi | Kısırlık | Migren | Ruhsal Hastalıklar,https://hayrusifa.com.tr/akupunktur-ve-modern-tip-arkasindaki-bilimsel-arastirma-ve-bulgular/
akupunkturun-tarihcesi-ve-geleneksel-cin-tibbindaki-yeri,Akupunkturun Tarihçesi ve Geleneksel Çin Tıbbındaki Yeri,2024-12-02,Tedavi Yöntemleri,akupunktur,Akupunktur,bilimsel-tarihce,,Üsküdar,677,1,Akupunktur | akupunktur faydaları Üsküdar | akupunktur tedavisi Üsküdar | akupunktur Üsküdar | Hayru Şifa | Sağlık | Tedavi | Üsküdar Akupunktur,https://hayrusifa.com.tr/akupunkturun-tarihcesi-ve-geleneksel-cin-tibbindaki-yeri/
akupunkturun-tarihi-ve-geleneksel-cin-tibbindaki-yeri,Akupunkturun Tarihi ve Geleneksel Çin Tıbbındaki Yeri,2024-07-26,Tedavi Yöntemleri,akupunktur,Akupunktur,bilimsel-tarihce,Ağrı,,2047,1,Ağrı | Akupunktur | Genel | Hastalıklarda Tedavi,https://hayrusifa.com.tr/akupunkturun-tarihi-ve-geleneksel-cin-tibbindaki-yeri/
kronik-agrilarda-akupunktur-terapisinin-bilimsel-dayanaklari,Kronik Ağrılarda Akupunktur Terapisinin Bilimsel Dayanakları,2025-02-08,Tedavi Yöntemleri,akupunktur,Akupunktur,bilimsel-tarihce,Ağrı,Üsküdar,764,1,Ağrı | Akupunktur | akupunktur faydaları Üsküdar | akupunktur tedavisi Üsküdar | akupunktur Üsküdar | akupunktur uygulamaları Üsküdar | Genel | Hastalıklarda Tedavi | Hayru Şifa | Sağlık | Tedavi | Üsküdar Akupunktur | Üsküdar akupunktur tedavi süreci,https://hayrusifa.com.tr/kronik-agrilarda-akupunktur-terapisinin-bilimsel-dayanaklari/
migren-tedavisinde-akupunktur-bilimsel-arastirmalar-ne-diyor,Migren Tedavisinde Akupunktur: Bilimsel Araştırmalar Ne Diyor?,2024-11-12,Tedavi Yöntemleri,akupunktur,Akupunktur,bilimsel-tarihce,Migren,Üsküdar,956,1,Akupunktur | akupunktur faydaları Üsküdar | akupunktur Üsküdar | Hayru Şifa | Migren | Üsküdar Akupunktur,https://hayrusifa.com.tr/migren-tedavisinde-akupunktur-bilimsel-arastirmalar-ne-diyor/
migren-tedavisinde-akupunkturun-rolu-bilimsel-yaklasimlar,Migren Tedavisinde Akupunkturun Rolü: Bilimsel Yaklaşımlar,2024-12-30,Tedavi Yöntemleri,akupunktur,Akupunktur,bilimsel-tarihce,Migren,Üsküdar,639,1,Akupunktur | akupunktur faydaları Üsküdar | akupunktur tedavisi Üsküdar | akupunktur Üsküdar | akupunktur Üsküdar fiyatları | akupunktur uygulamaları Üsküdar | Sağlık | Tedavi | Üsküdar akupunktur uzmanı,https://hayrusifa.com.tr/migren-tedavisinde-akupunkturun-rolu-bilimsel-yaklasimlar/
akupunktur-ile-migren-tedavisi-dogal-yontemler,Akupunktur ile Migren Tedavisi: Doğal Yöntemlerin Gücü,2024-09-26,Tedavi Yöntemleri,akupunktur,Akupunktur,faydalari,Migren,,1793,1,Akupunktur | Hayru Şifa,https://hayrusifa.com.tr/akupunktur-ile-migren-tedavisi-dogal-yontemler/
akupunktur-nedir-temel-prensipler-ve-faydalari,Akupunktur Nedir? Temel Prensipler ve Faydaları,2024-07-26,Tedavi Yöntemleri,akupunktur,Akupunktur,faydalari,Ağrı,,1494,1,Ağrı | Akupunktur | Genel,https://hayrusifa.com.tr/akupunktur-nedir-temel-prensipler-ve-faydalari/
akupunktur-ve-depresyon-ruh-sagligi-uzerindeki-pozitif-etkileri,Akupunktur ve Depresyon: Ruh Sağlığı Üzerindeki Pozitif Etkileri,2024-11-05,Tedavi Yöntemleri,akupunktur,Akupunktur,faydalari,Depresyon / Anksiyete,Üsküdar,1135,1,Akupunktur | akupunktur faydaları Üsküdar | akupunktur ile stres yönetimi Üsküdar | akupunktur tedavisi Üsküdar | akupunktur Üsküdar | Üsküdar akupunktur tedavi süreci,https://hayrusifa.com.tr/akupunktur-ve-depresyon-ruh-sagligi-uzerindeki-pozitif-etkileri/
akupunktur-ve-hormonal-denge-kadinlar-icin-ozel-faydalar,Akupunktur ve Hormonal Denge: Kadınlar İçin Özel Faydalar,2025-01-05,Tedavi Yöntemleri,akupunktur,Akupunktur,faydalari,Hormonal Denge,Üsküdar,755,1,Akupunktur | akupunktur faydaları Üsküdar | akupunktur tedavisi Üsküdar | akupunktur Üsküdar | akupunktur Üsküdar fiyatları | akupunktur uygulamaları Üsküdar,https://hayrusifa.com.tr/akupunktur-ve-hormonal-denge-kadinlar-icin-ozel-faydalar/
akupunkturun-bagisiklik-sistemi-uzerindeki-etkileri,Akupunkturun Bağışıklık Sistemi Üzerindeki Etkileri,2024-07-26,Tedavi Yöntemleri,akupunktur,Akupunktur,faydalari,Bağışıklık,,2021,1,Akupunktur | Genel | Hastalıklarda Tedavi,https://hayrusifa.com.tr/akupunkturun-bagisiklik-sistemi-uzerindeki-etkileri/
akupunkturun-bagisiklik-sistemine-katkilari,Akupunkturun Bağışıklık Sistemine Katkıları,2024-11-30,Tedavi Yöntemleri,akupunktur,Akupunktur,faydalari,Bağışıklık,Üsküdar,678,1,Akupunktur | akupunktur faydaları Üsküdar | akupunktur Üsküdar | Hayru Şifa | Sağlık | Üsküdar akupunktur tedavi süreci,https://hayrusifa.com.tr/akupunkturun-bagisiklik-sistemine-katkilari/
akupunkturun-bagisiklik-sistemine-olan-etkileri-nelerdir,Akupunkturun Bağışıklık Sistemine Olan Etkileri Nelerdir?,2025-02-02,Tedavi Yöntemleri,akupunktur,Akupunktur,faydalari,Bağışıklık,Üsküdar,595,1,Akupunktur | akupunktur faydaları Üsküdar | akupunktur tedavisi Üsküdar | akupunktur Üsküdar | akupunktur uygulamaları Üsküdar | Genel | Hastalıklarda Tedavi | Hayru Şifa | Sağlık | Tedavi | Üsküdar Akupunktur | Üsküdar akupunktur tedavi süreci,https://hayrusifa.com.tr/akupunkturun-bagisiklik-sistemine-olan-etkileri-nelerdir/
akupunkturun-kronik-hastaliklar-uzerindeki-faydalari,Akupunkturun Kronik Hastalıklar Üzerindeki Faydaları,2024-12-03,Tedavi Yöntemleri,akupunktur,Akupunktur,faydalari,Kronik Hastalıklar,Üsküdar; Ümraniye,472,1,Akupunktur | akupunktur faydaları Üsküdar | akupunktur uygulamaları Üsküdar | Genel | Hastalıklarda Tedavi | Hayru Şifa | Kronik Hastalıklar | Sağlık | Tedavi | Ümraniye Sülük Tedavisi,https://hayrusifa.com.tr/akupunkturun-kronik-hastaliklar-uzerindeki-faydalari/
akupunkturun-sinir-sistemi-uzerindeki-etkileri,Akupunkturun Sinir Sistemi Üzerindeki Etkileri,2024-12-04,Tedavi Yöntemleri,akupunktur,Akupunktur,faydalari,,Üsküdar,665,1,Akupunktur | akupunktur faydaları Üsküdar | Hayru Şifa | Sağlık | Tedavi | Üsküdar Akupunktur | Üsküdar akupunktur tedavi süreci,https://hayrusifa.com.tr/akupunkturun-sinir-sistemi-uzerindeki-etkileri/
sigara-birakma-surecinde-akupunkturun-rolu-ve-faydalari,Sigara Bırakma Sürecinde Akupunkturun Rolü ve Faydaları,2024-11-12,Tedavi Yöntemleri,akupunktur,Akupunktur,faydalari,,Üsküdar,865,1,Akupunktur | akupunktur faydaları Üsküdar | akupunktur ile stres yönetimi Üsküdar | akupunktur tedavisi Üsküdar | akupunktur Üsküdar | Genel | Hayru Şifa | Sağlık | Tedavi,https://hayrusifa.com.tr/sigara-birakma-surecinde-akupunkturun-rolu-ve-faydalari/
akupunktur-agri-tedavisindeki-rolu,Akupunkturun Ağrı Tedavisindeki Rolü: Uzman Görüşleri,2024-10-17,Tedavi Yöntemleri,akupunktur,Akupunktur,genel-yazi,Ağrı,,1530,1,Akupunktur | Hayru Şifa,https://hayrusifa.com.tr/akupunktur-agri-tedavisindeki-rolu/
akupunktur-ile-agri-yonetimi-migren-sirt-agrisi,"Akupunktur İle Ağrı Yönetimi Migren, Sırt Ağrısı",2024-07-26,Tedavi Yöntemleri,akupunktur,Akupunktur,genel-yazi,Ağrı; Migren,,1420,1,Akupunktur | Genel | Hastalıklarda Tedavi,https://hayrusifa.com.tr/akupunktur-ile-agri-yonetimi-migren-sirt-agrisi/
akupunktur-ile-anksiyete-yonetimi-stresi-azaltmanin-dogal-yolu,Akupunktur ile Anksiyete Yönetimi: Stresi Azaltmanın Doğal Yolu,2024-11-06,Tedavi Yöntemleri,akupunktur,Akupunktur,genel-yazi,Depresyon / Anksiyete; Stres,Üsküdar,862,1,Akupunktur | akupunktur Üsküdar | Anksiyete | Genel | Hayru Şifa | Sağlık | Üsküdar Akupunktur,https://hayrusifa.com.tr/akupunktur-ile-anksiyete-yonetimi-stresi-azaltmanin-dogal-yolu/
akupunktur-ile-bel-ve-boyun-agrilarini-hafifletmek-mumkun-mu,Akupunktur ile Bel ve Boyun Ağrılarını Hafifletmek Mümkün mü?,2024-11-05,Tedavi Yöntemleri,akupunktur,Akupunktur,genel-yazi,Ağrı,Üsküdar,1167,1,Akupunktur | akupunktur faydaları Üsküdar | akupunktur tedavisi Üsküdar | akupunktur Üsküdar | akupunktur uygulamaları Üsküdar | Hayru Şifa | Sağlık | Üsküdar Akupunktur | Üsküdar akupunktur tedavi süreci,https://hayrusifa.com.tr/akupunktur-ile-bel-ve-boyun-agrilarini-hafifletmek-mumkun-mu/
akupunktur-ile-dogal-agri-yonetimi,Akupunktur ile Doğal Ağrı Yönetimi,2024-12-03,Tedavi Yöntemleri,akupunktur,Akupunktur,genel-yazi,Ağrı,Üsküdar,580,1,Ağrı | Akupunktur | akupunktur Üsküdar | akupunktur uygulamaları Üsküdar | Genel | Hayru Şifa | Sağlık | Tedavi | Üsküdar Akupunktur | Üsküdar akupunktur tedavi süreci,https://hayrusifa.com.tr/akupunktur-ile-dogal-agri-yonetimi/
akupunktur-ile-hormon-dengesizliklerini-gidermek-ozellikle-kadinlar-icin,Akupunktur ile Hormon Dengesizliklerini Gidermek: Özellikle Kadınlar İçin,2024-11-12,Tedavi Yöntemleri,akupunktur,Akupunktur,genel-yazi,Hormonal Denge,Üsküdar,897,1,Akupunktur | akupunktur Üsküdar | akupunktur uygulamaları Üsküdar | Hayru Şifa | Sağlık | Tedavi,https://hayrusifa.com.tr/akupunktur-ile-hormon-dengesizliklerini-gidermek-ozellikle-kadinlar-icin/
akupunktur-ile-kronik-yorgunluktan-kurtulmak-mumkun-mu,Akupunktur ile Kronik Yorgunluktan Kurtulmak Mümkün mü?,2024-11-11,Tedavi Yöntemleri,akupunktur,Akupunktur,genel-yazi,Kronik Yorgunluk,Üsküdar,731,1,Akupunktur | akupunktur faydaları Üsküdar | Hayru Şifa | Sağlık | Üsküdar Akupunktur | Üsküdar akupunktur tedavi süreci,https://hayrusifa.com.tr/akupunktur-ile-kronik-yorgunluktan-kurtulmak-mumkun-mu/
akupunktur-ile-migren-agrilarini-azaltmanin-yollari,Akupunktur ile Migren Ağrılarını Azaltmanın Yolları,2024-12-02,Tedavi Yöntemleri,akupunktur,Akupunktur,genel-yazi,Ağrı; Migren,Üsküdar,676,1,Akupunktur | akupunktur faydaları Üsküdar | akupunktur tedavisi Üsküdar | akupunktur Üsküdar | Hayru Şifa | Sağlık | Tedavi | Üsküdar Akupunktur | Üsküdar akupunktur tedavi süreci,https://hayrusifa.com.tr/akupunktur-ile-migren-agrilarini-azaltmanin-yollari/
akupunktur-ile-sindirim-problemleri-nasil-giderilir,Akupunktur ile Sindirim Problemleri Nasıl Giderilir?,2024-11-11,Tedavi Yöntemleri,akupunktur,Akupunktur,genel-yazi,Sindirim,Üsküdar,1086,1,Akupunktur | akupunktur tedavisi Üsküdar | akupunktur Üsküdar | Genel | Hayru Şifa | Sağlık | Üsküdar Akupunktur,https://hayrusifa.com.tr/akupunktur-ile-sindirim-problemleri-nasil-giderilir/
akupunktur-ile-stres-ve-anksiyete-yonetimi,Akupunktur ile Stres ve Anksiyete Yönetimi,2024-11-25,Tedavi Yöntemleri,akupunktur,Akupunktur,genel-yazi,Depresyon / Anksiyete; Stres,Üsküdar,737,1,Akupunktur | akupunktur ile stres yönetimi Üsküdar | akupunktur Üsküdar | Hayru Şifa | Sağlık | Üsküdar Akupunktur | Üsküdar akupunktur tedavi süreci,https://hayrusifa.com.tr/akupunktur-ile-stres-ve-anksiyete-yonetimi/
akupunktur-ile-stresten-kurtulun-5-temel-yontem,Akupunktur ile Stresten Kurtulun: 5 Temel Yöntem,2024-09-20,Tedavi Yöntemleri,akupunktur,Akupunktur,genel-yazi,Stres,,1243,1,Akupunktur | Hayru Şifa,https://hayrusifa.com.tr/akupunktur-ile-stresten-kurtulun-5-temel-yontem/
akupunktur-ile-zihinsel-ve-fiziksel-dengenizi-bulun,Akupunktur İle Zihinsel ve Fiziksel Dengenizi Bulun,2024-12-19,Tedavi Yöntemleri,akupunktur,Akupunktur,genel-yazi,,Üsküdar,641,1,Akupunktur | akupunktur faydaları Üsküdar | akupunktur ile stres yönetimi Üsküdar | akupunktur Üsküdar | akupunktur uygulamaları Üsküdar,https://hayrusifa.com.tr/akupunktur-ile-zihinsel-ve-fiziksel-dengenizi-bulun/
akupunktur-noktalarinin-anatomik-sirlari-saglik-uzerindeki-gucleri,Akupunktur Noktalarının Anatomik Sırları: Sağlık Üzerindeki Güçleri,2025-01-15,Tedavi Yöntemleri,akupunktur,Akupunktur,genel-yazi,Ağrı,Üsküdar,803,1,Ağrı | Akupunktur | akupunktur faydaları Üsküdar | akupunktur tedavisi Üsküdar | akupunktur Üsküdar | akupunktur uygulamaları Üsküdar | Hayru Şifa | Sağlık | Üsküdar akupunktur klinikleri | Üsküdar akupunktur merkezi | Üsküdar akupunktur tedavi süreci,https://hayrusifa.com.tr/akupunktur-noktalarinin-anatomik-sirlari-saglik-uzerindeki-gucleri/
akupunktur-tedavisi-ile-stres-ve-anksiyete-yonetimi,Akupunktur Tedavisi ile Stres ve Anksiyete Yönetimi,2024-07-26,Tedavi Yöntemleri,akupunktur,Akupunktur,genel-yazi,Ağrı; Depresyon / Anksiyete; Stres,,1544,1,Ağrı | Akupunktur | Anksiyete | Genel | Hastalıklarda Tedavi,https://hayrusifa.com.tr/akupunktur-tedavisi-ile-stres-ve-anksiyete-yonetimi/
akupunktur-tedavisinin-zayiflamaya-etkisi-gercekten-ise-yariyor-mu,Akupunktur Tedavisinin Zayıflamaya Etkisi: Gerçekten İşe Yarıyor mu?,2024-10-17,Tedavi Yöntemleri,akupunktur,Akupunktur,genel-yazi,Obezite / Zayıflama,,1455,1,Akupunktur | Hayru Şifa,https://hayrusifa.com.tr/akupunktur-tedavisinin-zayiflamaya-etkisi-gercekten-ise-yariyor-mu/
akupunktur-ve-depresyon-tedavisi-enerjinizi-geri-kazanin,Akupunktur ve Depresyon Tedavisi: Enerjinizi Geri Kazanın,2025-03-04,Tedavi Yöntemleri,akupunktur,Akupunktur,genel-yazi,Depresyon / Anksiyete,Üsküdar,735,1,Akupunktur | akupunktur faydaları Üsküdar | akupunktur ile stres yönetimi Üsküdar | akupunktur tedavisi Üsküdar | akupunktur Üsküdar | akupunktur uygulamaları Üsküdar | Depresyon | Genel | Hastalıklarda Tedavi | Hayru Şifa | Sağlık | Tedavi | Üsküdar Akupunktur | Üsküdar akupunktur tedavi süreci,https://hayrusifa.com.tr/akupunktur-ve-depresyon-tedavisi-enerjinizi-geri-kazanin/
akupunktur-ve-enerji-meridyenleri-gelenekten-bilime-yolculuk,Akupunktur ve Enerji Meridyenleri: Gelenekten Bilime Yolculuk,2025-03-10,Tedavi Yöntemleri,akupunktur,Akupunktur,genel-yazi,,Üsküdar,854,1,Akupunktur | akupunktur faydaları Üsküdar | akupunktur tedavisi Üsküdar | akupunktur Üsküdar | akupunktur uygulamaları Üsküdar | Genel | Hastalıklarda Tedavi | Hayru Şifa | Sağlık | Tedavi | Üsküdar Akupunktur | Üsküdar akupunktur tedavi süreci,https://hayrusifa.com.tr/akupunktur-ve-enerji-meridyenleri-gelenekten-bilime-yolculuk/
akupunktur-ve-hacamat-terapisinin-farkliliklari,Akupunktur ve Hacamat Terapisinin Farklılıkları,2024-12-03,Tedavi Yöntemleri,akupunktur,Akupunktur,genel-yazi,,Üsküdar,736,1,Akupunktur | akupunktur faydaları Üsküdar | Genel | Hacamat | Hayru Şifa | Sağlık | Tedavi | Üsküdar Akupunktur | Üsküdar akupunktur tedavi süreci | Üsküdar Hacamat,https://hayrusifa.com.tr/akupunktur-ve-hacamat-terapisinin-farkliliklari/
akupunktur-ve-meditasyon-ile-zihin-ve-beden-dengesi,Akupunktur ve Meditasyon ile Zihin ve Beden Dengesi,2024-12-03,Tedavi Yöntemleri,akupunktur,Akupunktur,genel-yazi,,Üsküdar,420,1,Akupunktur | akupunktur faydaları Üsküdar | akupunktur Üsküdar | akupunktur uygulamaları Üsküdar | Genel | Hayru Şifa | Sağlık | Tedavi | Üsküdar Akupunktur | Üsküdar akupunktur tedavi süreci,https://hayrusifa.com.tr/akupunktur-ve-meditasyon-ile-zihin-ve-beden-dengesi/
akupunktur-ve-prp-tedavisi-ile-sagliginiza-yatirim-yapin,Akupunktur ve PRP Tedavisi ile Sağlığınıza Yatırım Yapın,2024-12-06,Tedavi Yöntemleri,akupunktur,Akupunktur,genel-yazi,,Üsküdar; Ümraniye,648,1,Akupunktur | akupunktur tedavisi Üsküdar | akupunktur Üsküdar | akupunktur uygulamaları Üsküdar | Hacamat | Hayru Şifa | Sağlık | Ümraniye Hacamat | Üsküdar Hacamat,https://hayrusifa.com.tr/akupunktur-ve-prp-tedavisi-ile-sagliginiza-yatirim-yapin/
akupunktur-ve-sindirim-sagligi-mide-rahatsizliklarina-cozum,Akupunktur ve Sindirim Sağlığı: Mide Rahatsızlıklarına Çözüm,2025-02-20,Tedavi Yöntemleri,akupunktur,Akupunktur,genel-yazi,Sindirim,Üsküdar,724,1,Akupunktur | akupunktur faydaları Üsküdar | akupunktur tedavisi Üsküdar | akupunktur Üsküdar | Genel | Hastalıklarda Tedavi | Hayru Şifa | Sağlık | Tedavi | Üsküdar Akupunktur | Üsküdar akupunktur tedavi süreci,https://hayrusifa.com.tr/akupunktur-ve-sindirim-sagligi-mide-rahatsizliklarina-cozum/
akupunktur-ve-uyku-bozukluklari-dogal-yontemlerle-rahat-bir-uyku,Akupunktur ve Uyku Bozuklukları: Doğal Yöntemlerle Rahat Bir Uyku,2024-10-16,Tedavi Yöntemleri,akupunktur,Akupunktur,genel-yazi,Uyku Bozuklukları,,2099,1,Akupunktur | Hayru Şifa,https://hayrusifa.com.tr/akupunktur-ve-uyku-bozukluklari-dogal-yontemlerle-rahat-bir-uyku/
akupunkturun-bagisiklik-sistemi-uzerindeki-5-etkisi,Akupunkturun Bağışıklık Sistemi Üzerindeki 5 Etkisi,2024-10-02,Tedavi Yöntemleri,akupunktur,Akupunktur,genel-yazi,Bağışıklık,,1796,1,Akupunktur | Hayru Şifa,https://hayrusifa.com.tr/akupunkturun-bagisiklik-sistemi-uzerindeki-5-etkisi/
akupunkturun-uyku-duzenine-etkisi,Akupunkturun Uyku Düzenine Etkisi,2024-11-27,Tedavi Yöntemleri,akupunktur,Akupunktur,genel-yazi,Uyku Bozuklukları,Üsküdar,806,1,Akupunktur | akupunktur faydaları Üsküdar | akupunktur ile uyku düzeni Üsküdar | akupunktur Üsküdar | Hayru Şifa | Sağlık,https://hayrusifa.com.tr/akupunkturun-uyku-duzenine-etkisi/
dogal-zayiflama-icin-akupunktur-gercekten-etkili-mi,Doğal Zayıflama İçin Akupunktur: Gerçekten Etkili mi?,2025-02-26,Tedavi Yöntemleri,akupunktur,Akupunktur,genel-yazi,Obezite / Zayıflama,Üsküdar,725,1,Akupunktur | akupunktur faydaları Üsküdar | akupunktur ile zayıflama Üsküdar | akupunktur tedavisi Üsküdar | akupunktur Üsküdar | akupunktur uygulamaları Üsküdar | Genel | Hastalıklarda Tedavi | Hayru Şifa | Sağlık | Tedavi | Üsküdar Akupunktur | Üsküdar akupunktur tedavi süreci,https://hayrusifa.com.tr/dogal-zayiflama-icin-akupunktur-gercekten-etkili-mi/
enerji-akisini-yeniden-duzenlemek-akupunkturun-gizemli-dunyasi,Enerji Akışını Yeniden Düzenlemek: Akupunkturun Gizemli Dünyası,2024-12-24,Tedavi Yöntemleri,akupunktur,Akupunktur,genel-yazi,,Üsküdar,687,1,Akupunktur | akupunktur faydaları Üsküdar | akupunktur tedavisi Üsküdar | akupunktur Üsküdar | akupunktur Üsküdar fiyatları | akupunktur uygulamaları Üsküdar,https://hayrusifa.com.tr/enerji-akisini-yeniden-duzenlemek-akupunkturun-gizemli-dunyasi/
spor-yaralanmalarinda-akupunktur-ile-hizli-iyilesme,Spor Yaralanmalarında Akupunktur ile Hızlı İyileşme,2025-02-14,Tedavi Yöntemleri,akupunktur,Akupunktur,genel-yazi,Spor Yaralanmaları,Üsküdar,734,1,Akupunktur | akupunktur faydaları Üsküdar | akupunktur tedavisi Üsküdar | akupunktur Üsküdar | akupunktur uygulamaları Üsküdar | Genel | Hastalıklarda Tedavi | Hayru Şifa | Sağlık | Tedavi | Üsküdar Akupunktur | Üsküdar akupunktur tedavi süreci,https://hayrusifa.com.tr/spor-yaralanmalarinda-akupunktur-ile-hizli-iyilesme/
stresi-yenmenin-yolu-akupunkturun-sinir-sistemine-etkisi,Stresi Yenmenin Yolu: Akupunkturun Sinir Sistemine Etkisi,2025-01-11,Tedavi Yöntemleri,akupunktur,Akupunktur,genel-yazi,Stres,Üsküdar,726,1,Akupunktur | akupunktur faydaları Üsküdar | akupunktur ile stres yönetimi Üsküdar | akupunktur tedavisi Üsküdar | akupunktur Üsküdar | akupunktur uygulamaları Üsküdar,https://hayrusifa.com.tr/stresi-yenmenin-yolu-akupunkturun-sinir-sistemine-etkisi/
umraniye-akupunktur,Ümraniye Akupunktur,2024-08-05,Tedavi Yöntemleri,akupunktur,Akupunktur,genel-yazi,,Ümraniye,2238,1,Akupunktur | Genel | Hastalıklarda Tedavi,https://hayrusifa.com.tr/umraniye-akupunktur/
uskudar-akupunktur,Üsküdar Akupunktur,2024-08-16,Tedavi Yöntemleri,akupunktur,Akupunktur,genel-yazi,,Üsküdar,1788,1,Akupunktur | Genel | Hastalıklarda Tedavi | Üsküdar Akupunktur,https://hayrusifa.com.tr/uskudar-akupunktur/
uyku-problemleri-icin-akupunktur-dogal-bir-cozum,Uyku Problemleri İçin Akupunktur: Doğal Bir Çözüm,2025-01-27,Tedavi Yöntemleri,akupunktur,Akupunktur,genel-yazi,Uyku Bozuklukları,Üsküdar,609,1,Akupunktur | akupunktur faydaları Üsküdar | akupunktur ile uyku düzeni Üsküdar | akupunktur tedavisi Üsküdar | akupunktur Üsküdar | akupunktur uygulamaları Üsküdar | Genel | Hastalıklarda Tedavi | Hayru Şifa | Sağlık | Tedavi | Üsküdar Akupunktur | Üsküdar akupunktur tedavi süreci,https://hayrusifa.com.tr/uyku-problemleri-icin-akupunktur-dogal-bir-cozum/
uyku-problemleri-icin-akupunktur-tedavisi-etkili-mi,Uyku Problemleri İçin Akupunktur Tedavisi Etkili mi?,2024-11-11,Tedavi Yöntemleri,akupunktur,Akupunktur,genel-yazi,Uyku Bozuklukları,Üsküdar,898,1,Akupunktur | akupunktur ile stres yönetimi Üsküdar | akupunktur ile uyku düzeni Üsküdar | akupunktur tedavisi Üsküdar | Hayru Şifa | Sağlık | Üsküdar Akupunktur | Üsküdar akupunktur tedavi süreci,https://hayrusifa.com.tr/uyku-problemleri-icin-akupunktur-tedavisi-etkili-mi/
akupunktur-kimler-icin-uygundur-hangi-durumlarda-yapilmalidir,Akupunktur Kimler İçin Uygundur? Hangi Durumlarda Yapılmalıdır?,2024-10-17,Tedavi Yöntemleri,akupunktur,Akupunktur,hangi-hastaliklar,,,1524,1,Akupunktur | Hayru Şifa,https://hayrusifa.com.tr/akupunktur-kimler-icin-uygundur-hangi-durumlarda-yapilmalidir/
sigara-birakmada-akupunkturun-basari-oranlari-nedir,Sigara Bırakmada Akupunkturun Başarı Oranları Nedir?,2025-01-21,Tedavi Yöntemleri,akupunktur,Akupunktur,nedir-genel,,Üsküdar,669,1,Akupunktur | akupunktur faydaları Üsküdar | akupunktur ile stres yönetimi Üsküdar | akupunktur tedavisi Üsküdar | akupunktur Üsküdar | akupunktur uygulamaları Üsküdar | Genel | Hayru Şifa | Sağlık | Tedavi | Üsküdar Akupunktur | Üsküdar akupunktur tedavi süreci,https://hayrusifa.com.tr/sigara-birakmada-akupunkturun-basari-oranlari-nedir/
akupunktur-seanslari-oncesinde-hazirlik-sureci,Akupunktur Seansları Öncesinde Hazırlık Süreci,2024-12-02,Tedavi Yöntemleri,akupunktur,Akupunktur,oncesi-hazirlik,,Üsküdar,595,1,Akupunktur | akupunktur faydaları Üsküdar | akupunktur tedavisi Üsküdar | akupunktur Üsküdar | akupunktur uygulamaları Üsküdar | Hayru Şifa | Sağlık | Tedavi | Üsküdar Akupunktur | Üsküdar akupunktur tedavi süreci,https://hayrusifa.com.tr/akupunktur-seanslari-oncesinde-hazirlik-sureci/
akupunktur-sonrasi-dikkat-edilmesi-gerekenler-iyilesme-surecinizi-hizlandirin,Akupunktur Sonrası Dikkat Edilmesi Gerekenler: İyileşme Sürecinizi Hızlandırın,2024-10-17,Tedavi Yöntemleri,akupunktur,Akupunktur,sonrasi-bakim,,,1436,1,Akupunktur | Hayru Şifa,https://hayrusifa.com.tr/akupunktur-sonrasi-dikkat-edilmesi-gerekenler-iyilesme-surecinizi-hizlandirin/
akupunktur-nasil-uygulanir-adim-adim-tedavi-sureci,Akupunktur Nasıl Uygulanır: Adım Adım Tedavi Süreci,2024-07-26,Tedavi Yöntemleri,akupunktur,Akupunktur,uygulama-surec,,,1719,1,Akupunktur | Genel | Hastalıklarda Tedavi,https://hayrusifa.com.tr/akupunktur-nasil-uygulanir-adim-adim-tedavi-sureci/
akupunktur-tedavisi-nasil-uygulanir,Akupunktur Tedavisi Nasıl Uygulanır?,2024-11-28,Tedavi Yöntemleri,akupunktur,Akupunktur,uygulama-surec,,Üsküdar,764,1,Akupunktur | akupunktur faydaları Üsküdar | akupunktur tedavisi Üsküdar | akupunktur Üsküdar | akupunktur uygulamaları Üsküdar | Hayru Şifa | Sağlık | Tedavi | Üsküdar Akupunktur | Üsküdar akupunktur tedavi süreci,https://hayrusifa.com.tr/akupunktur-tedavisi-nasil-uygulanir/
kilo-vermede-akupunkturun-etkisi-bilimsel-kanitlar-ve-uygulama-sureci,Kilo Vermede Akupunkturun Etkisi: Bilimsel Kanıtlar ve Uygulama Süreci,2024-11-11,Tedavi Yöntemleri,akupunktur,Akupunktur,uygulama-surec,Obezite / Zayıflama,Üsküdar,1068,1,Akupunktur | akupunktur faydaları Üsküdar | akupunktur ile zayıflama Üsküdar | akupunktur tedavisi Üsküdar | akupunktur Üsküdar | Hayru Şifa | Üsküdar Akupunktur | Üsküdar akupunktur tedavi süreci,https://hayrusifa.com.tr/kilo-vermede-akupunkturun-etkisi-bilimsel-kanitlar-ve-uygulama-sureci/
akupunkturun-yan-etkileri,Akupunkturun Yan Etkileri,2024-07-26,Tedavi Yöntemleri,akupunktur,Akupunktur,yan-etkiler-riskler,Ağrı; Kronik Yorgunluk,,1756,1,Ağrı | Akupunktur | Genel | Hastalıklarda Tedavi | Kronik Yorgunluk,https://hayrusifa.com.tr/akupunkturun-yan-etkileri/
aromaterapi-ile-stres-yonetimi-dogal-yontemlerin-gucu,Aromaterapi ile Stres Yönetimi: Doğal Yöntemlerin Gücü,2024-10-02,Tedavi Yöntemleri,aromaterapi,Aromaterapi,faydalari,Stres,,1623,1,Aromaterapi | Hayru Şifa,https://hayrusifa.com.tr/aromaterapi-ile-stres-yonetimi-dogal-yontemlerin-gucu/
aromaterapi-nedir-ruh-ve-beden-icin-faydalari,Aromaterapi Nedir? Ruh ve Beden İçin Faydaları,2024-09-20,Tedavi Yöntemleri,aromaterapi,Aromaterapi,faydalari,,,1263,1,Genel,https://hayrusifa.com.tr/aromaterapi-nedir-ruh-ve-beden-icin-faydalari/
aromaterapi-ve-ruhsal-saglik-psikolojik-etkileri-nelerdir,Aromaterapi ve Ruhsal Sağlık: Psikolojik Etkileri Nelerdir?,2024-10-16,Tedavi Yöntemleri,aromaterapi,Aromaterapi,faydalari,,,1694,1,Aromaterapi | Hayru Şifa,https://hayrusifa.com.tr/aromaterapi-ve-ruhsal-saglik-psikolojik-etkileri-nelerdir/
aromaterapide-kullanilan-esansiyel-yaglar-ve-faydalari,Aromaterapide Kullanılan Esansiyel Yağlar ve Faydaları,2024-09-26,Tedavi Yöntemleri,aromaterapi,Aromaterapi,faydalari,,,1891,1,Aromaterapi | Hayru Şifa,https://hayrusifa.com.tr/aromaterapide-kullanilan-esansiyel-yaglar-ve-faydalari/
aromaterapinin-uyku-kalitesine-etkisi-hangi-yaglar-kullanilmali,Aromaterapinin Uyku Kalitesine Etkisi: Hangi Yağlar Kullanılmalı?,2024-09-27,Tedavi Yöntemleri,aromaterapi,Aromaterapi,genel-yazi,Uyku Bozuklukları,,1517,1,Aromaterapi | Hayru Şifa,https://hayrusifa.com.tr/aromaterapinin-uyku-kalitesine-etkisi-hangi-yaglar-kullanilmali/
umraniye-aromaterapi,Ümraniye Aromaterapi,2024-08-08,Tedavi Yöntemleri,aromaterapi,Aromaterapi,genel-yazi,,Ümraniye,2364,1,Aromaterapi | Genel | Hastalıklarda Tedavi,https://hayrusifa.com.tr/umraniye-aromaterapi/
aromaterapi-ile-dogal-sifa-hangi-yaglar-hangi-hastaliklara-iyi-gelir,Aromaterapi ile Doğal Şifa: Hangi Yağlar Hangi Hastalıklara İyi Gelir?,2024-10-02,Tedavi Yöntemleri,aromaterapi,Aromaterapi,hangi-hastaliklar,,,1693,1,Aromaterapi | Hayru Şifa,https://hayrusifa.com.tr/aromaterapi-ile-dogal-sifa-hangi-yaglar-hangi-hastaliklara-iyi-gelir/
aromaterapi-yaglari-nasil-kullanilir-10-adimda-rehber,Aromaterapi Yağları Nasıl Kullanılır? 10 Adımda Rehber,2024-09-26,Tedavi Yöntemleri,aromaterapi,Aromaterapi,nedir-genel,,,2649,1,Aromaterapi | Hayru Şifa,https://hayrusifa.com.tr/aromaterapi-yaglari-nasil-kullanilir-10-adimda-rehber/
aromaterapi-ile-cilt-bakimi-dogal-guzelligin-sirri,Aromaterapi ile Cilt Bakımı: Doğal Güzelliğin Sırrı,2024-09-20,Tedavi Yöntemleri,aromaterapi,Aromaterapi,sonrasi-bakim,Cilt,,1509,1,Aromaterapi | Hayru Şifa,https://hayrusifa.com.tr/aromaterapi-ile-cilt-bakimi-dogal-guzelligin-sirri/
aromaterapinin-yan-etkileri-nelerdir-kimler-icin-uygundur,Aromaterapinin Yan Etkileri Nelerdir? Kimler İçin Uygundur?,2024-09-27,Tedavi Yöntemleri,aromaterapi,Aromaterapi,yan-etkiler-riskler,,,1747,1,Aromaterapi | Hayru Şifa,https://hayrusifa.com.tr/aromaterapinin-yan-etkileri-nelerdir-kimler-icin-uygundur/
fonksiyonel-tibbin-bilimsel-temelleri-arastirma-bulgulari,Fonksiyonel Tıbbın Bilimsel Temelleri ve Araştırma Bulguları,2021-08-05,Tedavi Yöntemleri,fonksiyonel-tip,Fonksiyonel Tıp,bilimsel-tarihce,,,2749,1,Fonksiyonel Tıp | Genel | Hastalıklarda Tedavi,https://hayrusifa.com.tr/fonksiyonel-tibbin-bilimsel-temelleri-arastirma-bulgulari/
fonksiyonel-tibbin-tarihcesi-gecmisten-gunumuze-gelisimi,Fonksiyonel Tıbbın Tarihçesi: Geçmişten Günümüze Gelişimi,2021-01-30,Tedavi Yöntemleri,fonksiyonel-tip,Fonksiyonel Tıp,bilimsel-tarihce,,,1419,1,Akupunktur | Fonksiyonel Tıp | Genel | Hastalıklarda Tedavi,https://hayrusifa.com.tr/fonksiyonel-tibbin-tarihcesi-gecmisten-gunumuze-gelisimi/
fonksiyonel-tip-nedir-geleneksel-tiptan-farklari-nelerdir,Fonksiyonel Tıp Nedir? Geleneksel Tıptan Farkları Nelerdir?,2024-09-20,Tedavi Yöntemleri,fonksiyonel-tip,Fonksiyonel Tıp,bilimsel-tarihce,,,1285,1,Fonksiyonel Tıp | Hayru Şifa,https://hayrusifa.com.tr/fonksiyonel-tip-nedir-geleneksel-tiptan-farklari-nelerdir/
fonksiyonel-tibbin-temel-prensipleri-ve-faydalari,Fonksiyonel Tıbbın Temel Prensipleri ve Faydaları,2021-01-15,Tedavi Yöntemleri,fonksiyonel-tip,Fonksiyonel Tıp,faydalari,Diyabet; Kalp / Dolaşım; Nörolojik; Otoimmün Hastalıklar,,1473,1,Diyabet | Fonksiyonel Tıp | Genel | Hastalıklarda Tedavi | Kalp | Nörolojik Hastalıklar | Otoimmün Hastalıklar,https://hayrusifa.com.tr/fonksiyonel-tibbin-temel-prensipleri-ve-faydalari/
fonksiyonel-tip-ve-modern-yasam-stres-yonetimi-uzerine-etkileri,Fonksiyonel Tıp ve Modern Yaşam: Stres Yönetimi Üzerine Etkileri,2024-09-26,Tedavi Yöntemleri,fonksiyonel-tip,Fonksiyonel Tıp,faydalari,Stres,,2561,1,Fonksiyonel Tıp | Hayru Şifa,https://hayrusifa.com.tr/fonksiyonel-tip-ve-modern-yasam-stres-yonetimi-uzerine-etkileri/
fonksiyonel-tibbin-zayiflamaya-etkisi-kilo-yonetiminde-yeni-yaklasimlar,Fonksiyonel Tıbbın Zayıflamaya Etkisi: Kilo Yönetiminde Yeni Yaklaşımlar,2024-09-26,Tedavi Yöntemleri,fonksiyonel-tip,Fonksiyonel Tıp,genel-yazi,Obezite / Zayıflama,,1955,1,Fonksiyonel Tıp | Hayru Şifa,https://hayrusifa.com.tr/fonksiyonel-tibbin-zayiflamaya-etkisi-kilo-yonetiminde-yeni-yaklasimlar/
fonksiyonel-tip-ile-bagisiklik-sisteminizi-guclendirin,Fonksiyonel Tıp ile Bağışıklık Sisteminizi Güçlendirin,2021-02-05,Tedavi Yöntemleri,fonksiyonel-tip,Fonksiyonel Tıp,genel-yazi,Bağışıklık,,1588,1,Fonksiyonel Tıp | Genel | Hastalıklarda Tedavi,https://hayrusifa.com.tr/fonksiyonel-tip-ile-bagisiklik-sisteminizi-guclendirin/
fonksiyonel-tip-ile-bagisiklik-sisteminizi-guclendirin-5-ipucu,fonksiyonel Tıp ile Bağışıklık Sisteminizi Güçlendirin: 5 İpucu,2024-10-17,Tedavi Yöntemleri,fonksiyonel-tip,Fonksiyonel Tıp,genel-yazi,Bağışıklık,,1362,1,Fonksiyonel Tıp | Hayru Şifa,https://hayrusifa.com.tr/fonksiyonel-tip-ile-bagisiklik-sisteminizi-guclendirin-5-ipucu/
fonksiyonel-tip-ile-kronik-hastaliklarin-yonetimi,Fonksiyonel Tıp ile Kronik Hastalıkların Yönetimi,2021-01-10,Tedavi Yöntemleri,fonksiyonel-tip,Fonksiyonel Tıp,genel-yazi,Diyabet; Kalp / Dolaşım,,2571,1,Diyabet | Fonksiyonel Tıp | Genel | Hastalıklarda Tedavi | Kalp,https://hayrusifa.com.tr/fonksiyonel-tip-ile-kronik-hastaliklarin-yonetimi/
fonksiyonel-tip-ve-beslenme-sagliginiza-dogal-yaklasimlar,Fonksiyonel Tıp ve Beslenme: Sağlığınıza Doğal Yaklaşımlar,2024-09-20,Tedavi Yöntemleri,fonksiyonel-tip,Fonksiyonel Tıp,genel-yazi,,,1589,1,Fonksiyonel Tıp | Hayru Şifa,https://hayrusifa.com.tr/fonksiyonel-tip-ve-beslenme-sagliginiza-dogal-yaklasimlar/
fonksiyonel-tip-ve-beslenme-sagliginiza-etkisi,Fonksiyonel Tıp ve Beslenme: Sağlığınıza Etkisi,2024-09-26,Tedavi Yöntemleri,fonksiyonel-tip,Fonksiyonel Tıp,genel-yazi,,,2344,1,Fonksiyonel Tıp | Hayru Şifa,https://hayrusifa.com.tr/fonksiyonel-tip-ve-beslenme-sagliginiza-etkisi/
fonksiyonel-tip-ve-beslenme-sagliginiza-etkisi-2,Fonksiyonel Tıp ve Beslenme: Sağlığınıza Etkisi,2024-10-16,Tedavi Yöntemleri,fonksiyonel-tip,Fonksiyonel Tıp,genel-yazi,,,1980,1,Fonksiyonel Tıp | Hayru Şifa,https://hayrusifa.com.tr/fonksiyonel-tip-ve-beslenme-sagliginiza-etkisi-2/
fonksiyonel-tip-ve-hormon-dengesizlikleri-nasil-duzeltilir,Fonksiyonel Tıp ve Hormon Dengesizlikleri: Nasıl Düzeltilir?,2024-10-18,Tedavi Yöntemleri,fonksiyonel-tip,Fonksiyonel Tıp,genel-yazi,Hormonal Denge,,1571,1,Fonksiyonel Tıp | Hayru Şifa,https://hayrusifa.com.tr/fonksiyonel-tip-ve-hormon-dengesizlikleri-nasil-duzeltilir/
fonksiyonel-tip-ve-hormonal-denge-dogal-cozumler,Fonksiyonel Tıp ve Hormonal Denge: Doğal Çözümler,2021-02-15,Tedavi Yöntemleri,fonksiyonel-tip,Fonksiyonel Tıp,genel-yazi,Depresyon / Anksiyete; Hormonal Denge,,1783,1,Anksiyete | Depresyon | Fonksiyonel Tıp | Genel | Hastalıklarda Tedavi,https://hayrusifa.com.tr/fonksiyonel-tip-ve-hormonal-denge-dogal-cozumler/
fonksiyonel-tipla-enerji-seviyenizi-artirin-yorgunluga-karsi-cozumler,Fonksiyonel Tıpla Enerji Seviyenizi Artırın: Yorgunluğa Karşı Çözümler,2021-08-10,Tedavi Yöntemleri,fonksiyonel-tip,Fonksiyonel Tıp,genel-yazi,,,2473,1,Fonksiyonel Tıp | Genel | Hastalıklarda Tedavi,https://hayrusifa.com.tr/fonksiyonel-tipla-enerji-seviyenizi-artirin-yorgunluga-karsi-cozumler/
fonksiyonel-tipla-kronik-hastaliklari-yonetmenin-yollari,Fonksiyonel Tıpla Kronik Hastalıkları Yönetmenin Yolları,2024-10-17,Tedavi Yöntemleri,fonksiyonel-tip,Fonksiyonel Tıp,genel-yazi,,,1853,1,Fonksiyonel Tıp | Hayru Şifa,https://hayrusifa.com.tr/fonksiyonel-tipla-kronik-hastaliklari-yonetmenin-yollari/
fonksiyonel-tipla-zayiflamaor-hayru-sifa-dogal-tedaviler,Fonksiyonel Tıpla Zayıflama: Bütüncül Sağlık Yaklaşımı,2024-09-20,Tedavi Yöntemleri,fonksiyonel-tip,Fonksiyonel Tıp,genel-yazi,Obezite / Zayıflama,,1361,1,Fonksiyonel Tıp | Hayru Şifa,https://hayrusifa.com.tr/fonksiyonel-tipla-zayiflamaor-hayru-sifa-dogal-tedaviler/
fonksiyonel-tipta-beslenmenin-rolu-saglikli-yasam-ipuclari,Fonksiyonel Tıpta Beslenmenin Rolü: Sağlıklı Yaşam İçin İpuçları,2022-02-20,Tedavi Yöntemleri,fonksiyonel-tip,Fonksiyonel Tıp,genel-yazi,Ağrı; Cilt; Kronik Hastalıklar,,1863,1,Ağrı | Cilt | Fonksiyonel Tıp | Genel | Hastalıklarda Tedavi | Kronik Hastalıklar,https://hayrusifa.com.tr/fonksiyonel-tipta-beslenmenin-rolu-saglikli-yasam-ipuclari/
fonksiyonel-tipta-kisiye-ozel-tedavi-yaklasimlari,Fonksiyonel Tıpta Kişiye Özel Tedavi Yaklaşımları,2024-09-27,Tedavi Yöntemleri,fonksiyonel-tip,Fonksiyonel Tıp,genel-yazi,,,2360,1,Fonksiyonel Tıp | Hayru Şifa,https://hayrusifa.com.tr/fonksiyonel-tipta-kisiye-ozel-tedavi-yaklasimlari/
umraniye-fonksiyonel-tip,Ümraniye Fonksiyonel Tıp,2024-08-13,Tedavi Yöntemleri,fonksiyonel-tip,Fonksiyonel Tıp,genel-yazi,,Ümraniye,2083,1,Fonksiyonel Tıp | Genel | Hastalıklarda Tedavi,https://hayrusifa.com.tr/umraniye-fonksiyonel-tip/
uskudar-fonksiyonel-tip,Üsküdar Fonksiyonel Tıp,2024-08-20,Tedavi Yöntemleri,fonksiyonel-tip,Fonksiyonel Tıp,genel-yazi,,Üsküdar,1378,1,Fonksiyonel Tıp | Genel | Hastalıklarda Tedavi | Üsküdar Fonksiyonel Tıp,https://hayrusifa.com.tr/uskudar-fonksiyonel-tip/
fonksiyonel-tipta-hangi-hastaliklar-tedavi-edilir,Fonksiyonel Tıpta Hangi Hastalıklar Tedavi Edilir?,2024-10-02,Tedavi Yöntemleri,fonksiyonel-tip,Fonksiyonel Tıp,hangi-hastaliklar,,,1606,1,Fonksiyonel Tıp | Hayru Şifa,https://hayrusifa.com.tr/fonksiyonel-tipta-hangi-hastaliklar-tedavi-edilir/
fonksiyonel-tip-nedir,Fonksiyonel Tıp Nedir?,2021-01-20,Tedavi Yöntemleri,fonksiyonel-tip,Fonksiyonel Tıp,nedir-genel,Diyabet,,1791,1,Diyabet | Fonksiyonel Tıp | Genel | Hastalıklarda Tedavi,https://hayrusifa.com.tr/fonksiyonel-tip-nedir/
fonksiyonel-tip-nasil-uygulanir-adim-adim-tedavi-surei,Fonksiyonel Tıp Nasıl Uygulanır? Adım Adım Tedavi Süreci,2021-01-20,Tedavi Yöntemleri,fonksiyonel-tip,Fonksiyonel Tıp,uygulama-surec,Ağrı; Kronik Yorgunluk; Nörolojik; Otoimmün Hastalıklar,,2246,1,Ağrı | Fonksiyonel Tıp | Genel | Hastalıklarda Tedavi | Kronik Yorgunluk | Nörolojik Hastalıklar | Otoimmün Hastalıklar,https://hayrusifa.com.tr/fonksiyonel-tip-nasil-uygulanir-adim-adim-tedavi-surei/
fonksiyonel-tipta-testler-ve-teshis-yontemleri,Fonksiyonel Tıpta Testler ve Teşhis Yöntemleri: Adım Adım Süreç,2024-10-16,Tedavi Yöntemleri,fonksiyonel-tip,Fonksiyonel Tıp,uygulama-surec,,,1813,1,Fonksiyonel Tıp | Hayru Şifa,https://hayrusifa.com.tr/fonksiyonel-tipta-testler-ve-teshis-yontemleri/
glutatyon-tedavisinin-bilimsel-temelleri-ve-arastirma-bulgulari,Glutatyon Tedavisinin Bilimsel Temelleri ve Araştırma Bulguları,2020-09-28,Tedavi Yöntemleri,glutatyon,Glutatyon Tedavisi,bilimsel-tarihce,Cilt; Kalp / Dolaşım; Karaciğer; Kronik Hastalıklar; Kronik Yorgunluk,,1942,1,Cilt | Genel | Glutatyon | Hastalıklarda Tedavi | Kalp | Karaciğer Sorunları | Kronik Hastalıklar | Kronik Yorgunluk,https://hayrusifa.com.tr/glutatyon-tedavisinin-bilimsel-temelleri-ve-arastirma-bulgulari/
glutatyon-ve-detoks-vucudu-toksinlerden-arindirmanin-bilimsel-yolu,Glutatyon ve Detoks: Vücudu Toksinlerden Arındırmanın Bilimsel Yolu,2024-09-20,Tedavi Yöntemleri,glutatyon,Glutatyon Tedavisi,bilimsel-tarihce,Detoks,,1389,1,Glutatyon | Hayru Şifa,https://hayrusifa.com.tr/glutatyon-ve-detoks-vucudu-toksinlerden-arindirmanin-bilimsel-yolu/
glutatyon-ile-cilt-genclestirme-dogal-bir-mucize-mi,Glutatyon ile Cilt Gençleştirme: Doğal Bir Mucize mi?,2024-09-27,Tedavi Yöntemleri,glutatyon,Glutatyon Tedavisi,faydalari,Cilt,,1582,1,Glutatyon | Hayru Şifa,https://hayrusifa.com.tr/glutatyon-ile-cilt-genclestirme-dogal-bir-mucize-mi/
glutatyon-nedir-ve-faydalari-nelerdir,Glutatyon: Nedir ve Faydaları Nelerdir?,2020-08-30,Tedavi Yöntemleri,glutatyon,Glutatyon Tedavisi,faydalari,Cilt; Karaciğer,,1842,1,Cilt | Genel | Glutatyon | Hastalıklarda Tedavi | Karaciğer Sorunları,https://hayrusifa.com.tr/glutatyon-nedir-ve-faydalari-nelerdir/
glutatyon-tedavisi-hangi-besinlerle-desteklenmelidir,Glutatyon Tedavisi Hangi Besinlerle Desteklenmelidir?,2024-09-26,Tedavi Yöntemleri,glutatyon,Glutatyon Tedavisi,faydalari,,,1545,1,Glutatyon | Hayru Şifa,https://hayrusifa.com.tr/glutatyon-tedavisi-hangi-besinlerle-desteklenmelidir/
glutatyonun-bagisiklik-sistemine-etkileri-sagliginizi-guclendirin,Glutatyonun Bağışıklık Sistemine Etkileri: Sağlığınızı Güçlendirin,2020-09-10,Tedavi Yöntemleri,glutatyon,Glutatyon Tedavisi,faydalari,Ağrı; Bağışıklık; Depresyon / Anksiyete; Karaciğer; Kronik Yorgunluk,,2042,1,Ağrı | Anksiyete | Genel | Glutatyon | Hastalıklarda Tedavi | Karaciğer Sorunları | Kronik Yorgunluk,https://hayrusifa.com.tr/glutatyonun-bagisiklik-sistemine-etkileri-sagliginizi-guclendirin/
glutatyon-eksikliginin-belirtileri,Glutatyon Eksikliğinin Belirtileri Nelerdir? Nasıl Önlenir?,2024-10-16,Tedavi Yöntemleri,glutatyon,Glutatyon Tedavisi,genel-yazi,,,1618,1,Glutatyon | Hayru Şifa,https://hayrusifa.com.tr/glutatyon-eksikliginin-belirtileri/
glutatyon-takviyesi-ile-enerji-seviyenizi-artirin,Glutatyon Takviyesi ile Enerji Seviyenizi Artırın,2024-10-16,Tedavi Yöntemleri,glutatyon,Glutatyon Tedavisi,genel-yazi,,,1593,1,Glutatyon | Hayru Şifa,https://hayrusifa.com.tr/glutatyon-takviyesi-ile-enerji-seviyenizi-artirin/
glutatyon-tedavisi-ile-cilt-aydinlatma-ve-genclestirme,Glutatyon Tedavisi ile Cilt Aydınlatma ve Gençleştirme,2020-09-05,Tedavi Yöntemleri,glutatyon,Glutatyon Tedavisi,genel-yazi,Cilt,,2541,1,Cilt | Genel | Glutatyon | Hastalıklarda Tedavi,https://hayrusifa.com.tr/glutatyon-tedavisi-ile-cilt-aydinlatma-ve-genclestirme/
glutatyon-tedavisi-ile-kronik-hastaliklarin-yonetimi,Glutatyon Tedavisi ile Kronik Hastalıkların Yönetimi,2020-09-20,Tedavi Yöntemleri,glutatyon,Glutatyon Tedavisi,genel-yazi,Ağrı; Cilt; Depresyon / Anksiyete; Kalp / Dolaşım; Karaciğer; Kronik Hastalıklar,,1745,1,Ağrı | Cilt | Depresyon | Genel | Glutatyon | Hastalıklarda Tedavi | Kalp | Karaciğer Sorunları | Kronik Hastalıklar | Ruhsal Hastalıklar,https://hayrusifa.com.tr/glutatyon-tedavisi-ile-kronik-hastaliklarin-yonetimi/
glutatyon-tedavisinin-cilt-uzerindeki-5-etkisi,Glutatyon Tedavisinin Cilt Üzerindeki 5 Etkisi,2024-09-20,Tedavi Yöntemleri,glutatyon,Glutatyon Tedavisi,genel-yazi,Cilt,,1100,1,Glutatyon | Hayru Şifa,https://hayrusifa.com.tr/glutatyon-tedavisinin-cilt-uzerindeki-5-etkisi/
glutatyon-ve-detoksifikasyon,Glutatyon ve Detoksifikasyon,2020-09-05,Tedavi Yöntemleri,glutatyon,Glutatyon Tedavisi,genel-yazi,Ağrı; Cilt; Detoks; Diyabet; Kalp / Dolaşım; Kronik Hastalıklar; Kronik Yorgunluk,,1969,1,Ağrı | Cilt | Diyabet | Genel | Glutatyon | Hastalıklarda Tedavi | Kalp | Kronik Hastalıklar | Kronik Yorgunluk,https://hayrusifa.com.tr/glutatyon-ve-detoksifikasyon/
glutatyon-ve-enerji-seviyeleri,Glutatyon ve Enerji Seviyeleri,2020-09-15,Tedavi Yöntemleri,glutatyon,Glutatyon Tedavisi,genel-yazi,Cilt; Diyabet; Kalp / Dolaşım; Kronik Yorgunluk,,2359,1,Cilt | Diyabet | Genel | Glutatyon | Hastalıklarda Tedavi | Kalp | Kronik Yorgunluk,https://hayrusifa.com.tr/glutatyon-ve-enerji-seviyeleri/
glutatyon-ve-spor-performansi,Glutatyon ve Spor Performansı,2020-09-30,Tedavi Yöntemleri,glutatyon,Glutatyon Tedavisi,genel-yazi,,,1976,1,Genel | Glutatyon | Hastalıklarda Tedavi,https://hayrusifa.com.tr/glutatyon-ve-spor-performansi/
umraniye-glutatyon,Ümraniye Glutatyon,2024-08-04,Tedavi Yöntemleri,glutatyon,Glutatyon Tedavisi,genel-yazi,,Ümraniye,1889,1,Genel | Glutatyon | Hastalıklarda Tedavi,https://hayrusifa.com.tr/umraniye-glutatyon/
uskudar-glutatyon,Üsküdar Glutatyon,2024-08-21,Tedavi Yöntemleri,glutatyon,Glutatyon Tedavisi,genel-yazi,,Üsküdar,1414,1,Genel | Glutatyon | Hastalıklarda Tedavi | Üsküdar Glutatyon,https://hayrusifa.com.tr/uskudar-glutatyon/
glutatyon-tedavisi-hangi-durumlarda-gereklidir,Glutatyon Tedavisi: Hangi Durumlarda Gereklidir?,2024-10-17,Tedavi Yöntemleri,glutatyon,Glutatyon Tedavisi,hangi-hastaliklar,,,1602,1,Glutatyon | Hayru Şifa,https://hayrusifa.com.tr/glutatyon-tedavisi-hangi-durumlarda-gereklidir/
glutatyon-nedir-vucudunuzu-yenileyen-dogal-antioksidan,Glutatyon Nedir? Vücudunuzu Yenileyen Doğal Antioksidan,2024-10-17,Tedavi Yöntemleri,glutatyon,Glutatyon Tedavisi,nedir-genel,,,1387,1,Glutatyon | Hayru Şifa,https://hayrusifa.com.tr/glutatyon-nedir-vucudunuzu-yenileyen-dogal-antioksidan/
glutatyon-tedavisi-nasil-uygulanir-adim-adim-rehber,Glutatyon Tedavisi Nasıl Uygulanır? Adım Adım Rehber,2020-09-10,Tedavi Yöntemleri,glutatyon,Glutatyon Tedavisi,uygulama-surec,Ağrı; Hormon Bozukluğu; Kronik Yorgunluk,,1619,1,Ağrı | Genel | Glutatyon | Hastalıklarda Tedavi | Hormon Bozukluğu | Kronik Yorgunluk,https://hayrusifa.com.tr/glutatyon-tedavisi-nasil-uygulanir-adim-adim-rehber/
glutatyon-tedavisinin-yan-etkileri,Glutatyon Tedavisinin Yan Etkileri,2020-09-15,Tedavi Yöntemleri,glutatyon,Glutatyon Tedavisi,yan-etkiler-riskler,Ağrı; Cilt,,1773,1,Ağrı | Cilt | Genel | Glutatyon | Hastalıklarda Tedavi,https://hayrusifa.com.tr/glutatyon-tedavisinin-yan-etkileri/
glutatyon-tedavisinin-yan-etkileri-neler-bilinmeli,Glutatyon Tedavisinin Yan Etkileri: Neler Bilinmeli?,2024-09-27,Tedavi Yöntemleri,glutatyon,Glutatyon Tedavisi,yan-etkiler-riskler,,,1752,1,Glutatyon | Hayru Şifa,https://hayrusifa.com.tr/glutatyon-tedavisinin-yan-etkileri-neler-bilinmeli/
geleneksel-hacamat-ve-gunumuz-tibbindaki-yeri,Geleneksel Hacamat ve Günümüz Tıbbındaki Yeri,2024-11-28,Tedavi Yöntemleri,hacamat,Hacamat (Kupa Terapisi),bilimsel-tarihce,,Üsküdar,762,1,Hacamat | Hayru Şifa | Sağlık | Üsküdar Hacamat,https://hayrusifa.com.tr/geleneksel-hacamat-ve-gunumuz-tibbindaki-yeri/
hacamat-ile-kronik-agrilara-veda-edin-bilimsel-aciklamalar,Hacamat İle Kronik Ağrılara Veda Edin: Bilimsel Açıklamalar,2025-01-31,Tedavi Yöntemleri,hacamat,Hacamat (Kupa Terapisi),bilimsel-tarihce,Ağrı,Üsküdar; Ümraniye,640,1,Ağrı | Genel | Hacamat | Hastalıklarda Tedavi | Hayru Şifa | Sağlık | Tedavi | Ümraniye Hacamat | Üsküdar Hacamat,https://hayrusifa.com.tr/hacamat-ile-kronik-agrilara-veda-edin-bilimsel-aciklamalar/
hacamat-nedir-geleneksel-bir-tedavi-yontemi,Hacamat Nedir? Geleneksel Bir Tedavi Yöntemi,2024-09-20,Tedavi Yöntemleri,hacamat,Hacamat (Kupa Terapisi),bilimsel-tarihce,,,1316,1,Hacamat | Hayru Şifa,https://hayrusifa.com.tr/hacamat-nedir-geleneksel-bir-tedavi-yontemi/
hacamat-tedavisinin-bilimsel-temelleri-ve-tarihcesi,Hacamat Tedavisinin Bilimsel Temelleri ve Tarihçesi,2024-07-24,Tedavi Yöntemleri,hacamat,Hacamat (Kupa Terapisi),bilimsel-tarihce,,,2482,1,Genel | Hacamat,https://hayrusifa.com.tr/hacamat-tedavisinin-bilimsel-temelleri-ve-tarihcesi/
hacamat-ve-geleneksel-tip-modern-saglik-ile-entegrasyon,Hacamat ve Geleneksel Tıp: Modern Sağlık ile Entegrasyon,2024-07-24,Tedavi Yöntemleri,hacamat,Hacamat (Kupa Terapisi),bilimsel-tarihce,Ağrı; Cilt,,1706,1,Ağrı | Cilt | Genel | Hacamat | Hastalıklarda Tedavi,https://hayrusifa.com.tr/hacamat-ve-geleneksel-tip-modern-saglik-ile-entegrasyon/
hacamat-yaptirmanin-10-bilimsel-faydasi-orhayru-sifa-dogal-tedavi,Hacamat Yaptırmanın Vücudunuz İçin 10 Bilimsel Faydası,2024-09-26,Tedavi Yöntemleri,hacamat,Hacamat (Kupa Terapisi),bilimsel-tarihce,,,1824,1,Hacamat | Hayru Şifa,https://hayrusifa.com.tr/hacamat-yaptirmanin-10-bilimsel-faydasi-orhayru-sifa-dogal-tedavi/
hacamatin-tarihcesi,Hacamatın Tarihçesi: Gelenekselden Modern Tıbba Uzanan Yolculuk,2024-10-16,Tedavi Yöntemleri,hacamat,Hacamat (Kupa Terapisi),bilimsel-tarihce,,,1784,1,Hacamat | Hayru Şifa,https://hayrusifa.com.tr/hacamatin-tarihcesi/
modern-tipta-hacamatin-yeri-nedir,Modern Tıpta Hacamatın Yeri Nedir?,2017-01-01,Tedavi Yöntemleri,hacamat,Hacamat (Kupa Terapisi),bilimsel-tarihce,,,417,0,Hacamat,https://hayrusifa.com.tr/modern-tipta-hacamatin-yeri-nedir/
bagisiklik-sistemi-icin-hacamatin-faydalari,Bağışıklık Sistemi için Hacamatın Faydaları,2024-07-24,Tedavi Yöntemleri,hacamat,Hacamat (Kupa Terapisi),faydalari,Bağışıklık,,1966,1,Genel | Hacamat,https://hayrusifa.com.tr/bagisiklik-sistemi-icin-hacamatin-faydalari/
enerji-dengesini-yeniden-kazanin-hacamatin-bedensel-faydalari,Enerji Dengesini Yeniden Kazanın: Hacamatın Bedensel Faydaları,2025-01-03,Tedavi Yöntemleri,hacamat,Hacamat (Kupa Terapisi),faydalari,,Üsküdar; Ümraniye,701,1,Sağlık | Tedavi | Ümraniye Hacamat | Üsküdar Hacamat,https://hayrusifa.com.tr/enerji-dengesini-yeniden-kazanin-hacamatin-bedensel-faydalari/
hacamat-faydalidir,Hacamat Faydalıdır,2018-06-27,Tedavi Yöntemleri,hacamat,Hacamat (Kupa Terapisi),faydalari,,,471,3,Genel | Hacamat,https://hayrusifa.com.tr/hacamat-faydalidir/
hacamat-ile-hormon-dengesini-saglamak-kadinlar-icin-faydalari,Hacamat ile Hormon Dengesini Sağlamak: Kadınlar İçin Faydaları,2024-11-11,Tedavi Yöntemleri,hacamat,Hacamat (Kupa Terapisi),faydalari,Hormon Bozukluğu; Hormonal Denge,Üsküdar; Ümraniye,1089,1,Hacamat | Hayru Şifa | Hormon Bozukluğu | Sağlık | Tedavi | Ümraniye Hacamat | Üsküdar Hacamat,https://hayrusifa.com.tr/hacamat-ile-hormon-dengesini-saglamak-kadinlar-icin-faydalari/
hacamat-nedir-faydalari-ve-yontemleri,Hacamat Nedir? Faydaları ve Yöntemleri,2024-07-24,Tedavi Yöntemleri,hacamat,Hacamat (Kupa Terapisi),faydalari,Ağrı; Cilt; Hormon Bozukluğu,,2109,1,Ağrı | Cilt | Genel | Hacamat | Hastalıklarda Tedavi | Hormon Bozukluğu,https://hayrusifa.com.tr/hacamat-nedir-faydalari-ve-yontemleri/
hacamat-tedavisinin-faydalari-ve-sagligimiz-icin-gerekliligi,Hacamat Tedavisinin Faydaları Ve Sağlığımız İçin Gerekliliği,2018-03-12,Tedavi Yöntemleri,hacamat,Hacamat (Kupa Terapisi),faydalari,,,238,3,Genel | Hacamat,https://hayrusifa.com.tr/hacamat-tedavisinin-faydalari-ve-sagligimiz-icin-gerekliligi/
hacamat-tedavisinin-icerigi-ve-etkileri,Hacamat Tedavisinin İçeriği Ve Etkileri,2015-11-12,Tedavi Yöntemleri,hacamat,Hacamat (Kupa Terapisi),faydalari,,,527,3,Genel | Hacamat,https://hayrusifa.com.tr/hacamat-tedavisinin-icerigi-ve-etkileri/
hacamat-terapisinde-kullanilan-kupa-cesitleri-ve-etkileri,Hacamat Terapisinde Kullanılan Kupa Çeşitleri ve Etkileri,2025-03-14,Tedavi Yöntemleri,hacamat,Hacamat (Kupa Terapisi),faydalari,,Üsküdar; Ümraniye,848,1,Genel | Hacamat | Hastalıklarda Tedavi | Hayru Şifa | Sağlık | Tedavi | Ümraniye Hacamat | Üsküdar Hacamat,https://hayrusifa.com.tr/hacamat-terapisinde-kullanilan-kupa-cesitleri-ve-etkileri/
hacamat-terapisinin-bagisiklik-sistemine-etkileri,Hacamat Terapisinin Bağışıklık Sistemine Etkileri,2024-12-04,Tedavi Yöntemleri,hacamat,Hacamat (Kupa Terapisi),faydalari,Bağışıklık,Üsküdar; Ümraniye,595,1,Hacamat | Hayru Şifa | Sağlık | Tedavi | Ümraniye Hacamat | Üsküdar Hacamat,https://hayrusifa.com.tr/hacamat-terapisinin-bagisiklik-sistemine-etkileri/
hacamat-terapisinin-faydalari-ve-kimler-icin-uygundur,Hacamat Terapisinin Faydaları ve Kimler İçin Uygundur?,2024-11-25,Tedavi Yöntemleri,hacamat,Hacamat (Kupa Terapisi),faydalari,,Ümraniye,755,1,Hacamat | Hayru Şifa | Sağlık | Tedavi | Ümraniye Hacamat,https://hayrusifa.com.tr/hacamat-terapisinin-faydalari-ve-kimler-icin-uygundur/
hacamat-ve-faydalari,Hacamat Ve Faydaları,2018-06-27,Tedavi Yöntemleri,hacamat,Hacamat (Kupa Terapisi),faydalari,,,472,3,Genel | Hacamat | Kupa Tedavisi,https://hayrusifa.com.tr/hacamat-ve-faydalari/
hacamat-yaptirmanin-faydalari,Hacamat Yaptırmanın Faydaları,2018-04-26,Tedavi Yöntemleri,hacamat,Hacamat (Kupa Terapisi),faydalari,,,473,3,Genel | Hacamat,https://hayrusifa.com.tr/hacamat-yaptirmanin-faydalari/
hacamatin-faydalari,Hacamatın Faydaları,2018-03-08,Tedavi Yöntemleri,hacamat,Hacamat (Kupa Terapisi),faydalari,,,121,0,Hacamat,https://hayrusifa.com.tr/hacamatin-faydalari/
hacamatin-faydalari-2,Hacamatın Faydaları,2018-03-12,Tedavi Yöntemleri,hacamat,Hacamat (Kupa Terapisi),faydalari,,,325,3,Hacamat | Sünnet Uygulama,https://hayrusifa.com.tr/hacamatin-faydalari-2/
hacamatin-faydalari-3,Hacamatın Faydaları,2018-04-03,Tedavi Yöntemleri,hacamat,Hacamat (Kupa Terapisi),faydalari,,,489,3,Genel | Hacamat,https://hayrusifa.com.tr/hacamatin-faydalari-3/
hacamatin-saglik-uzerindeki-olumlu-etkileri,Hacamatın Sağlık Üzerindeki Olumlu Etkileri,2024-07-24,Tedavi Yöntemleri,hacamat,Hacamat (Kupa Terapisi),faydalari,Ağrı; Hormon Bozukluğu,,2298,1,Ağrı | Akupunktur | Genel | Hacamat | Hastalıklarda Tedavi | Hormon Bozukluğu,https://hayrusifa.com.tr/hacamatin-saglik-uzerindeki-olumlu-etkileri/
hacamatin-tarihten-gunumuze-uzanan-yolculugu-ve-saglik-uzerindeki-etkileri,Hacamatın Tarihten Günümüze Uzanan Yolculuğu ve Sağlık Üzerindeki Etkileri,2024-12-28,Tedavi Yöntemleri,hacamat,Hacamat (Kupa Terapisi),faydalari,,,746,1,Hacamat | Hastalıklarda Tedavi | Hayru Şifa | Hicri Hacamat Günleri,https://hayrusifa.com.tr/hacamatin-tarihten-gunumuze-uzanan-yolculugu-ve-saglik-uzerindeki-etkileri/
hormon-bozuklugu-ve-asiri-kilo-almada-hacamatin-etkileri-nelerdir,Hormon Bozukluğu Ve Aşırı Kilo Almada Hacamatın Etkileri Nelerdir?,2018-04-18,Tedavi Yöntemleri,hacamat,Hacamat (Kupa Terapisi),faydalari,Hormon Bozukluğu; Hormonal Denge; Obezite / Zayıflama,,485,3,Genel | Hacamat | Hastalıklarda Tedavi | Hormon Bozukluğu | Obezite,https://hayrusifa.com.tr/hormon-bozuklugu-ve-asiri-kilo-almada-hacamatin-etkileri-nelerdir/
kireclenme-ve-eklem-agrilarina-karsi-hacamat-nasil-fayda-saglar,Kireçlenme ve Eklem Ağrılarına Karşı Hacamat: Nasıl Fayda Sağlar?,2024-11-12,Tedavi Yöntemleri,hacamat,Hacamat (Kupa Terapisi),faydalari,Ağrı; Romatizma / Eklem,Üsküdar; Ümraniye,1001,1,Hacamat | Hayru Şifa | Kireçlenme | Sağlık | Tedavi | Ümraniye Hacamat | Üsküdar Hacamat,https://hayrusifa.com.tr/kireclenme-ve-eklem-agrilarina-karsi-hacamat-nasil-fayda-saglar/
sporcularda-hacamat-terapisinin-performansa-katkilari,Sporcularda Hacamat Terapisinin Performansa Katkıları,2025-02-12,Tedavi Yöntemleri,hacamat,Hacamat (Kupa Terapisi),faydalari,Spor Yaralanmaları,Üsküdar,686,1,Genel | Hacamat | Hastalıklarda Tedavi | Hayru Şifa | Sağlık | Tedavi | Üsküdar Hacamat,https://hayrusifa.com.tr/sporcularda-hacamat-terapisinin-performansa-katkilari/
stres-yonetiminde-hacamat-terapisinin-rolu-psikolojik-etkiler,Stres Yönetiminde Hacamat Terapisinin Rolü: Psikolojik Etkiler,2024-11-12,Tedavi Yöntemleri,hacamat,Hacamat (Kupa Terapisi),faydalari,Stres,Üsküdar; Ümraniye,924,1,Hacamat | Hayru Şifa | Sağlık | Ümraniye Hacamat | Üsküdar Hacamat,https://hayrusifa.com.tr/stres-yonetiminde-hacamat-terapisinin-rolu-psikolojik-etkiler/
3980-2,Hacamat Terapisi ile Bağışıklık Sisteminizi Nasıl Güçlendirebilirsiniz?,2024-11-12,Tedavi Yöntemleri,hacamat,Hacamat (Kupa Terapisi),genel-yazi,Bağışıklık,Üsküdar; Ümraniye,968,1,Hacamat | Hayru Şifa | Sağlık | Ümraniye Hacamat | Üsküdar Hacamat,https://hayrusifa.com.tr/3980-2/
agri-tedavisinde-alternatif-tedavi,Ağrı Tedavisinde Alternatif Tedavi,2018-05-29,Tedavi Yöntemleri,hacamat,Hacamat (Kupa Terapisi),genel-yazi,Ağrı,,458,1,Ağrı | Genel | Hacamat | Hastalıklarda Tedavi,https://hayrusifa.com.tr/agri-tedavisinde-alternatif-tedavi/
analitik-dusunme-ve-hacamat,Analitik Düşünme Ve Hacamat,2018-04-18,Tedavi Yöntemleri,hacamat,Hacamat (Kupa Terapisi),genel-yazi,,,472,3,Genel | Hacamat,https://hayrusifa.com.tr/analitik-dusunme-ve-hacamat/
bahar-aylari-ve-hacamat,Bahar Ayları ve Hacamat,2018-03-08,Tedavi Yöntemleri,hacamat,Hacamat (Kupa Terapisi),genel-yazi,,,99,3,Hacamat,https://hayrusifa.com.tr/bahar-aylari-ve-hacamat/
bebeklerde-hacamat,Bebeklerde Hacamat,2018-03-08,Tedavi Yöntemleri,hacamat,Hacamat (Kupa Terapisi),genel-yazi,,,262,0,Genel,https://hayrusifa.com.tr/bebeklerde-hacamat/
binlerce-yillik-etkili-tedavi-yontemi,Binlerce Yıllık Etkili Tedavi Yöntemi,2018-03-29,Tedavi Yöntemleri,hacamat,Hacamat (Kupa Terapisi),genel-yazi,,,480,3,Genel | Hacamat | Hastalıklarda Tedavi,https://hayrusifa.com.tr/binlerce-yillik-etkili-tedavi-yontemi/
boyun-ve-sirt-agrilarinda-hacamat,Boyun Ve Sırt Ağrılarında Hacamat,2018-04-05,Tedavi Yöntemleri,hacamat,Hacamat (Kupa Terapisi),genel-yazi,Ağrı,,481,3,Boyun ve Sırt | Hacamat | Hastalıklarda Tedavi,https://hayrusifa.com.tr/boyun-ve-sirt-agrilarinda-hacamat/
cilt-tedavilerinde-hacamat-yontemi,Cilt Tedavilerinde Hacamat Yöntemi,2018-04-03,Tedavi Yöntemleri,hacamat,Hacamat (Kupa Terapisi),genel-yazi,Cilt,,486,3,Cilt | Hacamat | Hastalıklarda Tedavi,https://hayrusifa.com.tr/cilt-tedavilerinde-hacamat-yontemi/
damarlarimizin-uzunlugu-sizi-hayrete-dusurebilir,Damarlarımızın Uzunluğu Sizi Hayrete Düşürebilir!,2018-03-26,Tedavi Yöntemleri,hacamat,Hacamat (Kupa Terapisi),genel-yazi,Kalp / Dolaşım,,485,3,Genel | Hacamat | Hastalıklarda Tedavi | Kupa Tedavisi,https://hayrusifa.com.tr/damarlarimizin-uzunlugu-sizi-hayrete-dusurebilir/
depresyon-tedavisinde-hacamat,Depresyon Tedavisinde Hacamat,2018-10-30,Tedavi Yöntemleri,hacamat,Hacamat (Kupa Terapisi),genel-yazi,Depresyon / Anksiyete,Ümraniye,474,3,Depresyon | Genel | Hacamat | Hastalıklarda Tedavi | Ümraniye Hacamat,https://hayrusifa.com.tr/depresyon-tedavisinde-hacamat/
detoksun-yeni-adi-hacamat-ile-toksinlerden-arinma-sureci,Detoksun Yeni Adı: Hacamat ile Toksinlerden Arınma Süreci,2025-02-06,Tedavi Yöntemleri,hacamat,Hacamat (Kupa Terapisi),genel-yazi,Detoks,Üsküdar; Ümraniye,681,1,Genel | Hacamat | Hastalıklarda Tedavi | Hayru Şifa | Sağlık | Tedavi | Ümraniye Hacamat | Üsküdar Hacamat,https://hayrusifa.com.tr/detoksun-yeni-adi-hacamat-ile-toksinlerden-arinma-sureci/
dis-eti-hastaliklari-ve-hacamat,Diş Eti Hastalıkları Ve Hacamat,2018-04-18,Tedavi Yöntemleri,hacamat,Hacamat (Kupa Terapisi),genel-yazi,Diş / Diş Eti,,485,3,Diş ve Diş Eti | Genel | Hacamat | Hastalıklarda Tedavi,https://hayrusifa.com.tr/dis-eti-hastaliklari-ve-hacamat/
diyabet-hastaligi-icin-dogal-tedavi-yontemi,Diyabet Hastalığı İçin Doğal Tedavi Yöntemi,2018-11-05,Tedavi Yöntemleri,hacamat,Hacamat (Kupa Terapisi),genel-yazi,Diyabet,Ümraniye,476,3,Diyabet | Hacamat | Hastalıklarda Tedavi | Ümraniye Hacamat,https://hayrusifa.com.tr/diyabet-hastaligi-icin-dogal-tedavi-yontemi/
dogal-tedavide-hacamat-farki,Doğal Tedavide Hacamat Farkı,2018-11-10,Tedavi Yöntemleri,hacamat,Hacamat (Kupa Terapisi),genel-yazi,,,474,3,Genel | Hacamat,https://hayrusifa.com.tr/dogal-tedavide-hacamat-farki/
dunya-hacamatla-tanisiyor,Dünya Hacamatla Tanışıyor,2018-03-26,Tedavi Yöntemleri,hacamat,Hacamat (Kupa Terapisi),genel-yazi,,,489,3,Genel | Hacamat,https://hayrusifa.com.tr/dunya-hacamatla-tanisiyor/
erkeklerde-ureme-sorunu-icin-dogal-tedavi,Erkeklerde Üreme Sorunu İçin Doğal Tedavi,2018-11-20,Tedavi Yöntemleri,hacamat,Hacamat (Kupa Terapisi),genel-yazi,Kısırlık / Üreme; Üroloji / İdrar,,479,3,Genel | Hacamat | Hastalıklarda Tedavi | Kısırlık | Üroloji,https://hayrusifa.com.tr/erkeklerde-ureme-sorunu-icin-dogal-tedavi/
gozunuz-icin-hacamat-tedavisi,Gözünüz İçin Hacamat Tedavisi,2018-04-04,Tedavi Yöntemleri,hacamat,Hacamat (Kupa Terapisi),genel-yazi,Göz,,476,3,Göz | Hacamat | Hastalıklarda Tedavi,https://hayrusifa.com.tr/gozunuz-icin-hacamat-tedavisi/
hacamat-esliginde-alt-islatma-tedavisi,Hacamat Eşliğinde Alt Islatma Tedavisi,2018-04-18,Tedavi Yöntemleri,hacamat,Hacamat (Kupa Terapisi),genel-yazi,Alt Islatma; Üroloji / İdrar,,485,3,Genel | Hacamat | Hastalıklarda Tedavi | İdrar Kaçırma Sorunu,https://hayrusifa.com.tr/hacamat-esliginde-alt-islatma-tedavisi/
hacamat-icin-en-iyi-zamanlar-ve-siklik,Hacamat için En İyi Zamanlar ve Sıklık: Kapsamlı Bir Kılavuz,2024-07-24,Tedavi Yöntemleri,hacamat,Hacamat (Kupa Terapisi),genel-yazi,Ağrı,,1247,1,Ağrı | Genel | Hacamat | Hastalıklarda Tedavi,https://hayrusifa.com.tr/hacamat-icin-en-iyi-zamanlar-ve-siklik/
hacamat-ile-alinan-kanin-analizi,Hacamat ile Alınan Kanın Analizi,2018-03-08,Tedavi Yöntemleri,hacamat,Hacamat (Kupa Terapisi),genel-yazi,,,124,0,Hacamat,https://hayrusifa.com.tr/hacamat-ile-alinan-kanin-analizi/
hacamat-ile-egzema-tedavisi,Hacamat İle Egzema Tedavisi,2018-11-29,Tedavi Yöntemleri,hacamat,Hacamat (Kupa Terapisi),genel-yazi,Egzama / Sedef,,473,3,Egzema | Genel | Hacamat | Hastalıklarda Tedavi,https://hayrusifa.com.tr/hacamat-ile-egzema-tedavisi/
hacamat-ile-gida-tehlikelerinden-korunabilirsiniz,Hacamat İle Gıda Tehlikelerinden Korunabilirsiniz,2018-05-29,Tedavi Yöntemleri,hacamat,Hacamat (Kupa Terapisi),genel-yazi,,,491,3,Genel | Hacamat | Hastalıklarda Tedavi,https://hayrusifa.com.tr/hacamat-ile-gida-tehlikelerinden-korunabilirsiniz/
hacamat-ile-karpal-tunel-sendromu-tedavisi,Hacamat İle Karpal Tünel Sendromu Tedavisi,2018-12-05,Tedavi Yöntemleri,hacamat,Hacamat (Kupa Terapisi),genel-yazi,Karpal Tünel,Ümraniye,530,3,Genel | Hacamat | Hastalıklarda Tedavi | Ümraniye Hacamat,https://hayrusifa.com.tr/hacamat-ile-karpal-tunel-sendromu-tedavisi/
hacamat-ile-kronik-agrilara-cozum-bulun,Hacamat ile Kronik Ağrılara Çözüm Bulun,2024-11-27,Tedavi Yöntemleri,hacamat,Hacamat (Kupa Terapisi),genel-yazi,Ağrı,Üsküdar; Ümraniye,812,1,Ağrı | Hacamat | Hayru Şifa | Tedavi | Ümraniye Hacamat | Üsküdar Hacamat,https://hayrusifa.com.tr/hacamat-ile-kronik-agrilara-cozum-bulun/
hacamat-ile-migren-tedavisi,Hacamat ile Migren Tedavisi,2018-03-31,Tedavi Yöntemleri,hacamat,Hacamat (Kupa Terapisi),genel-yazi,Migren,,491,3,Hastalıklarda Tedavi | Migren,https://hayrusifa.com.tr/hacamat-ile-migren-tedavisi/
hacamat-klinigi-umraniye-istanbul-34762,Hacamat Kliniği Ümraniye İstanbul 34762,2018-01-08,Tedavi Yöntemleri,hacamat,Hacamat (Kupa Terapisi),genel-yazi,,Ümraniye,54,0,Genel | Hacamat,https://hayrusifa.com.tr/hacamat-klinigi-umraniye-istanbul-34762/
hacamat-sifadir,Hacamat Şifadır,2018-02-03,Tedavi Yöntemleri,hacamat,Hacamat (Kupa Terapisi),genel-yazi,,,422,0,Hacamat,https://hayrusifa.com.tr/hacamat-sifadir/
hacamat-sunnet-bir-uygulama,Hacamat Sünnet Bir Uygulama,2017-06-26,Tedavi Yöntemleri,hacamat,Hacamat (Kupa Terapisi),genel-yazi,,,425,0,Hacamat,https://hayrusifa.com.tr/hacamat-sunnet-bir-uygulama/
hacamat-tedavisi-umraniye-istanbul,Hacamat Tedavisi Ümraniye İstanbul,2018-04-18,Tedavi Yöntemleri,hacamat,Hacamat (Kupa Terapisi),genel-yazi,,Ümraniye,487,3,Genel | Hacamat | Hastalıklarda Tedavi | Ümraniye Hacamat,https://hayrusifa.com.tr/hacamat-tedavisi-umraniye-istanbul/
hacamat-tedavisini-neden-yaptirmaliyiz,Hacamat Tedavisini Neden Yaptırmalıyız?,2018-04-26,Tedavi Yöntemleri,hacamat,Hacamat (Kupa Terapisi),genel-yazi,,Ümraniye,499,3,Genel | Hacamat | Ümraniye Hacamat,https://hayrusifa.com.tr/hacamat-tedavisini-neden-yaptirmaliyiz/
hacamat-terapisi-ile-detoks-etkisi-nasil-saglanir,Hacamat Terapisi ile Detoks Etkisi Nasıl Sağlanır?,2024-11-30,Tedavi Yöntemleri,hacamat,Hacamat (Kupa Terapisi),genel-yazi,Detoks,Üsküdar,757,1,Hacamat | Hayru Şifa | Sağlık | Tedavi | Üsküdar Hacamat,https://hayrusifa.com.tr/hacamat-terapisi-ile-detoks-etkisi-nasil-saglanir/
hacamat-terapisi-ile-sindirim-problemlerinden-kurtulmak-mumkun-mu,Hacamat Terapisi ile Sindirim Problemlerinden Kurtulmak Mümkün mü?,2024-11-11,Tedavi Yöntemleri,hacamat,Hacamat (Kupa Terapisi),genel-yazi,Sindirim,Üsküdar; Ümraniye,783,1,Hacamat | Hayru Şifa | Sağlık | Ümraniye Hacamat | Üsküdar Hacamat,https://hayrusifa.com.tr/hacamat-terapisi-ile-sindirim-problemlerinden-kurtulmak-mumkun-mu/
hacamat-terapisinin-spor-yaralanmalarindaki-etkisi,Hacamat Terapisinin Spor Yaralanmalarındaki Etkisi,2024-12-03,Tedavi Yöntemleri,hacamat,Hacamat (Kupa Terapisi),genel-yazi,Spor Yaralanmaları,Üsküdar; Ümraniye,513,1,Genel | Hacamat | Hayru Şifa | Sağlık | Ümraniye Hacamat | Üsküdar Hacamat,https://hayrusifa.com.tr/hacamat-terapisinin-spor-yaralanmalarindaki-etkisi/
hacamat-terapisinin-tarihsel-gelisimi,Hacamat Terapisinin Tarihsel Gelişimi,2024-12-03,Tedavi Yöntemleri,hacamat,Hacamat (Kupa Terapisi),genel-yazi,,Üsküdar; Ümraniye,477,1,Genel | Hacamat | Hayru Şifa | Sağlık | Tedavi | Ümraniye Hacamat | Üsküdar Hacamat,https://hayrusifa.com.tr/hacamat-terapisinin-tarihsel-gelisimi/
hacamat-ve-akupunktur-ile-agrilardan-kurtulma-yontemleri,Hacamat ve Akupunktur ile Ağrılardan Kurtulma Yöntemleri,2024-12-02,Tedavi Yöntemleri,hacamat,Hacamat (Kupa Terapisi),genel-yazi,Ağrı,Üsküdar,657,1,Akupunktur | akupunktur Üsküdar | Genel | Hacamat | Hayru Şifa | Sağlık | Tedavi | Üsküdar Akupunktur | Üsküdar akupunktur tedavi süreci | Üsküdar Hacamat,https://hayrusifa.com.tr/hacamat-ve-akupunktur-ile-agrilardan-kurtulma-yontemleri/
hacamat-ve-kan-dolasimi-sagliginizi-yeniden-kesfedin,Hacamat ve Kan Dolaşımı: Sağlığınızı Yeniden Keşfedin,2025-03-08,Tedavi Yöntemleri,hacamat,Hacamat (Kupa Terapisi),genel-yazi,Kalp / Dolaşım,Üsküdar; Ümraniye,851,1,Genel | Hacamat | Hastalıklarda Tedavi | Hayru Şifa | Sağlık | Tedavi | Ümraniye Hacamat | Üsküdar Hacamat,https://hayrusifa.com.tr/hacamat-ve-kan-dolasimi-sagliginizi-yeniden-kesfedin/
hacamat-ve-mezoterapi-hangi-tedavi-size-uygun,Hacamat ve Mezoterapi: Hangi Tedavi Size Uygun?,2024-12-03,Tedavi Yöntemleri,hacamat,Hacamat (Kupa Terapisi),genel-yazi,,Üsküdar; Ümraniye,636,1,Genel | Hacamat | Hayru Şifa | Mezoterapi | Sağlık | Tedavi | Ümraniye Hacamat | Üsküdar Hacamat | Üsküdar Mezoterapi,https://hayrusifa.com.tr/hacamat-ve-mezoterapi-hangi-tedavi-size-uygun/
hacamat-ve-mezoterapi-ile-tamamlayici-saglik-yontemleri,Hacamat ve Mezoterapi ile Tamamlayıcı Sağlık Yöntemleri,2024-12-02,Tedavi Yöntemleri,hacamat,Hacamat (Kupa Terapisi),genel-yazi,,Üsküdar; Ümraniye,634,1,Genel | Hacamat | Hayru Şifa | Mezoterapi | Sağlık | Tedavi | Ümraniye Hacamat | Üsküdar Hacamat | Üsküdar Mezoterapi,https://hayrusifa.com.tr/hacamat-ve-mezoterapi-ile-tamamlayici-saglik-yontemleri/
hacamat-ve-sporcular-performansi-artirabilir-mi,Hacamat ve Sporcular: Performansı Artırabilir mi?,2024-12-02,Tedavi Yöntemleri,hacamat,Hacamat (Kupa Terapisi),genel-yazi,Spor Yaralanmaları,Üsküdar,568,1,Hacamat | Hayru Şifa | Sağlık | Tedavi | Üsküdar Hacamat,https://hayrusifa.com.tr/hacamat-ve-sporcular-performansi-artirabilir-mi/
hacamat-ve-suluk-terapisinin-detoks-etkisi,Hacamat ve Sülük Terapisinin Detoks Etkisi,2024-12-06,Tedavi Yöntemleri,hacamat,Hacamat (Kupa Terapisi),genel-yazi,Detoks,Üsküdar; Ümraniye,625,1,Hacamat | Hastalıklarda Tedavi | Hayru Şifa | Sağlık | Sülük Tedavisi | Ümraniye Hacamat | Ümraniye Sülük Tedavisi | Üsküdar Hacamat,https://hayrusifa.com.tr/hacamat-ve-suluk-terapisinin-detoks-etkisi/
hacamat-yontemi-tedavi-edicidir,Hacamat Yöntemi Tedavi Edicidir,2018-04-18,Tedavi Yöntemleri,hacamat,Hacamat (Kupa Terapisi),genel-yazi,,,482,3,Hacamat | Hastalıklarda Tedavi,https://hayrusifa.com.tr/hacamat-yontemi-tedavi-edicidir/
hacamat-yontemleri-kuru-ve-yas-hacamat-arasindaki-farklar,Hacamat Yöntemleri: Kuru ve Yaş Hacamat Arasındaki Farklar,2024-12-02,Tedavi Yöntemleri,hacamat,Hacamat (Kupa Terapisi),genel-yazi,,,740,1,Genel,https://hayrusifa.com.tr/hacamat-yontemleri-kuru-ve-yas-hacamat-arasindaki-farklar/
hacamatin-beyin-ve-insan-psikolojisi-uzerinde-etkisi,Hacamatın Beyin ve İnsan Psikolojisi Üzerinde Etkisi,2018-03-08,Tedavi Yöntemleri,hacamat,Hacamat (Kupa Terapisi),genel-yazi,,,140,0,Hacamat,https://hayrusifa.com.tr/hacamatin-beyin-ve-insan-psikolojisi-uzerinde-etkisi/
hacamatin-beyin-ve-insan-psikolojisi-uzerindeki-etkisi,Hacamatın Beyin Ve İnsan Psikolojisi Üzerindeki Etkisi,2018-03-12,Tedavi Yöntemleri,hacamat,Hacamat (Kupa Terapisi),genel-yazi,,,337,3,Hacamat,https://hayrusifa.com.tr/hacamatin-beyin-ve-insan-psikolojisi-uzerindeki-etkisi/
hacamatla-cinsel-problemleriniz-son-bulsun,Hacamatla Cinsel Problemleriniz Son Bulsun,2018-06-27,Tedavi Yöntemleri,hacamat,Hacamat (Kupa Terapisi),genel-yazi,Cinsel Problemler,,488,3,Cinsel Problemler | Hacamat | Hastalıklarda Tedavi | İktidarsızlık,https://hayrusifa.com.tr/hacamatla-cinsel-problemleriniz-son-bulsun/
hacamatla-detoks-vucudu-temizlemenin-dogal-yolu,Hacamatla Detoks: Vücudu Temizlemenin Doğal Yolu,2024-10-02,Tedavi Yöntemleri,hacamat,Hacamat (Kupa Terapisi),genel-yazi,Detoks,,1661,1,Hacamat | Hayru Şifa,https://hayrusifa.com.tr/hacamatla-detoks-vucudu-temizlemenin-dogal-yolu/
hacamatla-ilgili-hadisler,Hacamatla İlgili Hadisler,2018-06-19,Tedavi Yöntemleri,hacamat,Hacamat (Kupa Terapisi),genel-yazi,,,385,3,Genel | Hacamat,https://hayrusifa.com.tr/hacamatla-ilgili-hadisler/
hacamatla-kronik-yorgunluga-son,Hacamatla Kronik Yorgunluğa Son,2018-12-18,Tedavi Yöntemleri,hacamat,Hacamat (Kupa Terapisi),genel-yazi,Kronik Yorgunluk,,474,3,Genel | Hacamat | Hastalıklarda Tedavi | Kronik Yorgunluk,https://hayrusifa.com.tr/hacamatla-kronik-yorgunluga-son/
hacamatla-sifa-bulun,Hacamatla Şifa Bulun,2018-07-01,Tedavi Yöntemleri,hacamat,Hacamat (Kupa Terapisi),genel-yazi,,,487,3,Hacamat | Hastalıklarda Tedavi,https://hayrusifa.com.tr/hacamatla-sifa-bulun/
hepatit-tedavisinde-hacamat,Hepatit Tedavisinde Hacamat,2018-12-19,Tedavi Yöntemleri,hacamat,Hacamat (Kupa Terapisi),genel-yazi,Karaciğer,,476,2,Hacamat | Hastalıklarda Tedavi | Hepatit,https://hayrusifa.com.tr/hepatit-tedavisinde-hacamat/
kadin-sagligi-ve-hacamat-hormonal-dengenin-korunmasi,Kadın Sağlığı ve Hacamat: Hormonal Dengenin Korunması,2025-02-24,Tedavi Yöntemleri,hacamat,Hacamat (Kupa Terapisi),genel-yazi,Hormonal Denge,Üsküdar; Ümraniye,782,1,Genel | Hacamat | Hastalıklarda Tedavi | Hayru Şifa | Sağlık | Tedavi | Ümraniye Hacamat | Üsküdar Hacamat,https://hayrusifa.com.tr/kadin-sagligi-ve-hacamat-hormonal-dengenin-korunmasi/
kalp-sagligi-icin-hacamat-tedavisi,Kalp Sağlığı İçin Hacamat Tedavisi,2018-04-03,Tedavi Yöntemleri,hacamat,Hacamat (Kupa Terapisi),genel-yazi,Kalp / Dolaşım,,480,3,Hacamat | Hastalıklarda Tedavi | Kalp,https://hayrusifa.com.tr/kalp-sagligi-icin-hacamat-tedavisi/
karpal-tunel-sendromu-ve-hacamat,Karpal Tünel Sendromu Ve Hacamat,2018-04-05,Tedavi Yöntemleri,hacamat,Hacamat (Kupa Terapisi),genel-yazi,Karpal Tünel,,477,3,Hacamat | Hastalıklarda Tedavi | Karpal Tünel Sendromu,https://hayrusifa.com.tr/karpal-tunel-sendromu-ve-hacamat/
kas-spazmi-ve-tedavi-sekilleri,Kas Spazmı Ve Tedavi Şekilleri,2018-07-29,Tedavi Yöntemleri,hacamat,Hacamat (Kupa Terapisi),genel-yazi,Ağrı,,528,3,Genel | Hacamat | Hastalıklarda Tedavi | Kas Spazmı,https://hayrusifa.com.tr/kas-spazmi-ve-tedavi-sekilleri/
kolesterol-ve-karaciger-sorunlari-hacamat-ile-iyilestirilebilir-mi,Kolesterol Ve Karaciğer Sorunları Hacamat İle İyileştirilebilir Mi?,2018-04-03,Tedavi Yöntemleri,hacamat,Hacamat (Kupa Terapisi),genel-yazi,Karaciğer; Kolesterol,,475,3,Hacamat | Hastalıklarda Tedavi | Karaciğer Sorunları | Kolesterol,https://hayrusifa.com.tr/kolesterol-ve-karaciger-sorunlari-hacamat-ile-iyilestirilebilir-mi/
kronik-yorgunluk-icin-hacamat-terapisi-enerjinizi-geri-kazanin,Kronik Yorgunluk İçin Hacamat Terapisi: Enerjinizi Geri Kazanın,2024-11-11,Tedavi Yöntemleri,hacamat,Hacamat (Kupa Terapisi),genel-yazi,Kronik Yorgunluk,Üsküdar; Ümraniye,1122,1,Hacamat | Hayru Şifa | Kronik Yorgunluk | Sağlık | Ümraniye Hacamat | Üsküdar Hacamat,https://hayrusifa.com.tr/kronik-yorgunluk-icin-hacamat-terapisi-enerjinizi-geri-kazanin/
kronik-yorgunluk-ve-halsizlik-icin-hacamat,Kronik Yorgunluk Ve Halsizlik İçin Hacamat,2018-04-03,Tedavi Yöntemleri,hacamat,Hacamat (Kupa Terapisi),genel-yazi,Kronik Yorgunluk,,490,3,Hacamat | Hastalıklarda Tedavi | Kronik Yorgunluk,https://hayrusifa.com.tr/kronik-yorgunluk-ve-halsizlik-icin-hacamat/
manevi-hastaliklarda-hacamat-etkili-bir-yontem-midir,Manevi Hastalıklarda Hacamat Etkili Bir Yöntem Midir?,2018-04-05,Tedavi Yöntemleri,hacamat,Hacamat (Kupa Terapisi),genel-yazi,Manevi / Ruhsal,,533,3,Hacamat | Hastalıklarda Tedavi | Manevi Hastalıklar,https://hayrusifa.com.tr/manevi-hastaliklarda-hacamat-etkili-bir-yontem-midir/
mevsimsel-alerjilere-karsi-hacamat-tedavisi-nasil-yardimci-olur,Mevsimsel Alerjilere Karşı Hacamat Tedavisi Nasıl Yardımcı Olur?,2024-11-06,Tedavi Yöntemleri,hacamat,Hacamat (Kupa Terapisi),genel-yazi,,Üsküdar; Ümraniye,953,1,Hacamat | Hayru Şifa | Sağlık | Tedavi | Ümraniye Hacamat | Üsküdar Hacamat,https://hayrusifa.com.tr/mevsimsel-alerjilere-karsi-hacamat-tedavisi-nasil-yardimci-olur/
mevsimsel-gecislerde-hacamat-ile-saglikli-bir-beden,Mevsimsel Geçişlerde Hacamat ile Sağlıklı Bir Beden,2025-02-18,Tedavi Yöntemleri,hacamat,Hacamat (Kupa Terapisi),genel-yazi,,Üsküdar; Ümraniye,714,1,Genel | Hacamat | Hastalıklarda Tedavi | Hayru Şifa | Sağlık | Tedavi | Ümraniye Hacamat | Üsküdar Hacamat,https://hayrusifa.com.tr/mevsimsel-gecislerde-hacamat-ile-saglikli-bir-beden/
migren-agrilarina-karsi-hacamat-terapisi-etkili-mi,Migren Ağrılarına Karşı Hacamat Terapisi Etkili mi?,2024-11-04,Tedavi Yöntemleri,hacamat,Hacamat (Kupa Terapisi),genel-yazi,Ağrı; Migren,Üsküdar; Ümraniye,887,1,Hacamat | Hayru Şifa | Migren | Migren | Tedavi | Ümraniye Hacamat | Üsküdar Hacamat,https://hayrusifa.com.tr/migren-agrilarina-karsi-hacamat-terapisi-etkili-mi/
modern-tibbin-alternatifi-hacamat-terapisi-ile-dogal-sifa-yontemleri,Modern Tıbbın Alternatifi: Hacamat Terapisi ile Doğal Şifa Yöntemleri,2024-12-19,Tedavi Yöntemleri,hacamat,Hacamat (Kupa Terapisi),genel-yazi,Migren,Üsküdar; Ümraniye,755,1,Genel | Hacamat | Hastalıklarda Tedavi | Hayru Şifa | Migren | Sağlık | Ümraniye Hacamat | Üsküdar Hacamat,https://hayrusifa.com.tr/modern-tibbin-alternatifi-hacamat-terapisi-ile-dogal-sifa-yontemleri/
profesyonel-umraniye-hacamat-klinigi,Profesyonel Ümraniye Hacamat Kliniği,2018-04-18,Tedavi Yöntemleri,hacamat,Hacamat (Kupa Terapisi),genel-yazi,,Ümraniye,534,3,Genel | Hacamat | Ümraniye Hacamat,https://hayrusifa.com.tr/profesyonel-umraniye-hacamat-klinigi/
saglikli-bir-hayat-icin-hacamat,Sağlıklı Bir Hayat İçin Hacamat,2018-04-03,Tedavi Yöntemleri,hacamat,Hacamat (Kupa Terapisi),genel-yazi,,,486,3,Genel | Hacamat,https://hayrusifa.com.tr/saglikli-bir-hayat-icin-hacamat/
stres-ve-yorgunlukla-mucadelede-hacamat-terapisinin-yeri,Stres ve Yorgunlukla Mücadelede Hacamat Terapisinin Yeri,2025-01-09,Tedavi Yöntemleri,hacamat,Hacamat (Kupa Terapisi),genel-yazi,Kronik Yorgunluk; Stres,Üsküdar,719,1,Hacamat | Sağlık | Üsküdar Hacamat,https://hayrusifa.com.tr/stres-ve-yorgunlukla-mucadelede-hacamat-terapisinin-yeri/
tibbi-hacamat-tedavisi,Tıbbi Hacamat Tedavisi,2018-04-26,Tedavi Yöntemleri,hacamat,Hacamat (Kupa Terapisi),genel-yazi,,,476,3,Genel | Hacamat | Hastalıklarda Tedavi,https://hayrusifa.com.tr/tibbi-hacamat-tedavisi/
tibbi-hacamat-ve-suluk-terapisi-ile-saglikli-yasam-sizleri-bekliyor,Tıbbi Hacamat Ve Sülük Terapisi İle Sağlıklı Yaşam Sizleri Bekliyor,2018-07-23,Tedavi Yöntemleri,hacamat,Hacamat (Kupa Terapisi),genel-yazi,,Ümraniye,526,3,Genel | Hacamat | Sülük Tedavisi | Ümraniye Hacamat,https://hayrusifa.com.tr/tibbi-hacamat-ve-suluk-terapisi-ile-saglikli-yasam-sizleri-bekliyor/
tibbi-hacamatla-tedavi-olun,Tıbbi Hacamatla Tedavi Olun,2018-07-29,Tedavi Yöntemleri,hacamat,Hacamat (Kupa Terapisi),genel-yazi,,Ümraniye,483,3,Genel | Hacamat | Ümraniye Hacamat,https://hayrusifa.com.tr/tibbi-hacamatla-tedavi-olun/
tibbi-hacamatta-suluk-tedavisi,Tıbbi Hacamatta Sülük Tedavisi,2018-05-29,Tedavi Yöntemleri,hacamat,Hacamat (Kupa Terapisi),genel-yazi,,,506,3,Genel | Hacamat | Sülük Tedavisi,https://hayrusifa.com.tr/tibbi-hacamatta-suluk-tedavisi/
troid-hastaligi-tedavisi,Troid Hastalığı Tedavisi,2018-05-29,Tedavi Yöntemleri,hacamat,Hacamat (Kupa Terapisi),genel-yazi,Tiroid,,456,1,Genel | Hacamat | Hastalıklarda Tedavi | Troid,https://hayrusifa.com.tr/troid-hastaligi-tedavisi/
umraniye-hacamat,Ümraniye Hacamat,2024-08-12,Tedavi Yöntemleri,hacamat,Hacamat (Kupa Terapisi),genel-yazi,,Ümraniye,2242,1,Genel | Hacamat | Ümraniye Hacamat,https://hayrusifa.com.tr/umraniye-hacamat/
umraniye-hacamat-klinigi,Ümraniye Hacamat Kliniği,2024-09-11,Tedavi Yöntemleri,hacamat,Hacamat (Kupa Terapisi),genel-yazi,,Ümraniye,2957,1,Hacamat | Hayru Şifa | Ümraniye Hacamat,https://hayrusifa.com.tr/umraniye-hacamat-klinigi/
umraniye-kupa-terapisi,Ümraniye Kupa Terapisi,2024-08-01,Tedavi Yöntemleri,hacamat,Hacamat (Kupa Terapisi),genel-yazi,,Ümraniye,1698,1,Genel | Hastalıklarda Tedavi | Kupa Tedavisi | Ümraniye Hacamat,https://hayrusifa.com.tr/umraniye-kupa-terapisi/
uskudar-hacamat,Üsküdar Hacamat,2024-08-22,Tedavi Yöntemleri,hacamat,Hacamat (Kupa Terapisi),genel-yazi,,Üsküdar,1771,1,Genel | Hacamat | Hastalıklarda Tedavi | Üsküdar Hacamat,https://hayrusifa.com.tr/uskudar-hacamat/
uskudar-kupa-terapi,Üsküdar Kupa Terapi,2024-08-18,Tedavi Yöntemleri,hacamat,Hacamat (Kupa Terapisi),genel-yazi,,Üsküdar,1500,1,Genel | Hastalıklarda Tedavi | Üsküdar Hacamat | Üsküdar Kupa Terapi,https://hayrusifa.com.tr/uskudar-kupa-terapi/
varislerde-etkili-tedavi-hacamat,Varislerde Etkili Tedavi Hacamat,2018-04-18,Tedavi Yöntemleri,hacamat,Hacamat (Kupa Terapisi),genel-yazi,Varis,,486,3,Genel | Hacamat | Hastalıklarda Tedavi | Varis,https://hayrusifa.com.tr/varislerde-etkili-tedavi-hacamat/
hacamat-hangi-hastaliklara-iyi-gelir,Hacamat Hangi Hastalıklara İyi Gelir?,2024-07-24,Tedavi Yöntemleri,hacamat,Hacamat (Kupa Terapisi),hangi-hastaliklar,,,2374,1,Genel | Hacamat,https://hayrusifa.com.tr/hacamat-hangi-hastaliklara-iyi-gelir/
hacamat-nedir-ve-hangi-hastaliklarda-uygulanir,Hacamat Nedir Ve Hangi Hastalıklarda Uygulanır?,2002-01-29,Tedavi Yöntemleri,hacamat,Hacamat (Kupa Terapisi),hangi-hastaliklar,,,529,3,Genel | Hacamat,https://hayrusifa.com.tr/hacamat-nedir-ve-hangi-hastaliklarda-uygulanir/
hacamat-tedavisi-hangi-hastaliklara-iyi-gelir,Hacamat Tedavisi Hangi Hastalıklara İyi Gelir?,2024-10-16,Tedavi Yöntemleri,hacamat,Hacamat (Kupa Terapisi),hangi-hastaliklar,,,1847,1,Hacamat | Hayru Şifa,https://hayrusifa.com.tr/hacamat-tedavisi-hangi-hastaliklara-iyi-gelir/
hacamat-terapisinin-uygulama-alanlari-bas-agrisindan-cilt-sagligina,Hacamat Terapisinin Uygulama Alanları: Baş Ağrısından Cilt Sağlığına,2025-03-02,Tedavi Yöntemleri,hacamat,Hacamat (Kupa Terapisi),hangi-hastaliklar,Ağrı; Cilt; Migren,Üsküdar; Ümraniye,732,1,Genel | Hacamat | Hayru Şifa | Sağlık | Tedavi | Ümraniye Hacamat | Üsküdar Hacamat,https://hayrusifa.com.tr/hacamat-terapisinin-uygulama-alanlari-bas-agrisindan-cilt-sagligina/
hangi-saglik-sorunlarina-hacamat-terapisi-uygulanabilir,Hangi Sağlık Sorunlarına Hacamat Terapisi Uygulanabilir?,2025-01-25,Tedavi Yöntemleri,hacamat,Hacamat (Kupa Terapisi),hangi-hastaliklar,,Üsküdar; Ümraniye,606,1,Genel | Hacamat | Hastalıklarda Tedavi | Hayru Şifa | Sağlık | Tedavi | Ümraniye Hacamat | Üsküdar Hacamat,https://hayrusifa.com.tr/hangi-saglik-sorunlarina-hacamat-terapisi-uygulanabilir/
hacamat-nedir,Hacamat Nedir?,2016-03-17,Tedavi Yöntemleri,hacamat,Hacamat (Kupa Terapisi),nedir-genel,,,510,0,Hacamat,https://hayrusifa.com.tr/hacamat-nedir/
hangi-hacamat-yontemi-sizin-icin-en-uygun-kapsamli-rehber,Hangi Hacamat Yöntemi Sizin İçin En Uygun? Kapsamlı Rehber,2024-10-17,Tedavi Yöntemleri,hacamat,Hacamat (Kupa Terapisi),nedir-genel,,,1476,1,Hacamat | Hayru Şifa,https://hayrusifa.com.tr/hangi-hacamat-yontemi-sizin-icin-en-uygun-kapsamli-rehber/
tibbi-hacamat-nedir,Tıbbi Hacamat Nedir?,2018-03-26,Tedavi Yöntemleri,hacamat,Hacamat (Kupa Terapisi),nedir-genel,,,476,3,Genel | Hacamat | Kupa Tedavisi,https://hayrusifa.com.tr/tibbi-hacamat-nedir/
hacamat-yapmadan-once-bilmeniz-gerekenler,Hacamat Yapmadan Önce Bilmeniz Gerekenler,2024-07-24,Tedavi Yöntemleri,hacamat,Hacamat (Kupa Terapisi),oncesi-hazirlik,Ağrı; Cilt,,1381,1,Ağrı | Cilt | Genel | Hacamat,https://hayrusifa.com.tr/hacamat-yapmadan-once-bilmeniz-gerekenler/
hacamat-yaptirmadan-once-bilmeniz-gereken-7-sey,Hacamat Yaptırmadan Önce Bilmeniz Gereken 7 Şey,2024-10-17,Tedavi Yöntemleri,hacamat,Hacamat (Kupa Terapisi),oncesi-hazirlik,,,1528,1,Hacamat | Hayru Şifa,https://hayrusifa.com.tr/hacamat-yaptirmadan-once-bilmeniz-gereken-7-sey/
hacamat-oncesi-ve-sonrasi-dikkat-edilmesi-gereken-10-onemli-nokta,Hacamat Öncesi ve Sonrası: Dikkat Edilmesi Gereken 10 Önemli Nokta,2025-01-16,Tedavi Yöntemleri,hacamat,Hacamat (Kupa Terapisi),sonrasi-bakim,,Üsküdar; Ümraniye,617,1,Hacamat | Hayru Şifa | Sağlık | Tedavi | Ümraniye Hacamat | Üsküdar Hacamat,https://hayrusifa.com.tr/hacamat-oncesi-ve-sonrasi-dikkat-edilmesi-gereken-10-onemli-nokta/
hacamat-oncesi-ve-sonrasinda-nelere-dikkat-edilir,Hacamat Öncesi Ve Sonrasında Nelere Dikkat Edilir?,2018-07-01,Tedavi Yöntemleri,hacamat,Hacamat (Kupa Terapisi),sonrasi-bakim,,Ümraniye,534,3,Genel | Hacamat | Hastalıklarda Tedavi | Ümraniye Hacamat,https://hayrusifa.com.tr/hacamat-oncesi-ve-sonrasinda-nelere-dikkat-edilir/
hacamat-sonrasi-nelere-dikkat-edilmeli-uzman-tavsiyeleri,Hacamat Sonrası Nelere Dikkat Edilmeli? Uzman Tavsiyeleri,2024-10-17,Tedavi Yöntemleri,hacamat,Hacamat (Kupa Terapisi),sonrasi-bakim,,,1401,1,Hacamat | Hayru Şifa,https://hayrusifa.com.tr/hacamat-sonrasi-nelere-dikkat-edilmeli-uzman-tavsiyeleri/
hacamat-tedavisinden-sonra-nelere-dikkat-edilmeli,Hacamat Tedavisinden Sonra Nelere Dikkat Edilmeli?,2024-07-24,Tedavi Yöntemleri,hacamat,Hacamat (Kupa Terapisi),sonrasi-bakim,Ağrı; Cilt,,1707,1,Ağrı | Cilt | Genel | Hacamat | Hastalıklarda Tedavi,https://hayrusifa.com.tr/hacamat-tedavisinden-sonra-nelere-dikkat-edilmeli/
hacamat-terapisi-sonrasi-iyilesme-sureci,Hacamat Terapisi Sonrası İyileşme Süreci,2024-12-02,Tedavi Yöntemleri,hacamat,Hacamat (Kupa Terapisi),sonrasi-bakim,,Üsküdar; Ümraniye,663,1,Hacamat | Hayru Şifa | Sağlık | Tedavi | Ümraniye Hacamat | Üsküdar Hacamat,https://hayrusifa.com.tr/hacamat-terapisi-sonrasi-iyilesme-sureci/
spor-sonrasi-hacamat-kas-yorgunlugunu-azaltmanin-dogal-yolu,Spor Sonrası Hacamat: Kas Yorgunluğunu Azaltmanın Doğal Yolu,2024-11-05,Tedavi Yöntemleri,hacamat,Hacamat (Kupa Terapisi),sonrasi-bakim,,Üsküdar; Ümraniye,1090,1,Hacamat | Hayru Şifa | Sağlık | Ümraniye Hacamat | Üsküdar Hacamat,https://hayrusifa.com.tr/spor-sonrasi-hacamat-kas-yorgunlugunu-azaltmanin-dogal-yolu/
bagisiklik-sistemini-guclendiren-hacamat-teknikleri-nelerdir,Bağışıklık Sistemini Güçlendiren Hacamat Teknikleri Nelerdir?,2024-12-22,Tedavi Yöntemleri,hacamat,Hacamat (Kupa Terapisi),uygulama-surec,Ağrı; Bağışıklık,,608,1,Ağrı | Boyun ve Sırt | Genel | Hacamat | Hayru Şifa,https://hayrusifa.com.tr/bagisiklik-sistemini-guclendiren-hacamat-teknikleri-nelerdir/
hacamat-uygulamasi-nasil-yapilir,Hacamat Uygulaması Nasıl Yapılır?,2018-03-26,Tedavi Yöntemleri,hacamat,Hacamat (Kupa Terapisi),uygulama-surec,,,481,3,Genel | Hacamat,https://hayrusifa.com.tr/hacamat-uygulamasi-nasil-yapilir/
diyabet-hastalari-icin-hacamat-terapisi-guvenli-mi,Diyabet Hastaları İçin Hacamat Terapisi Güvenli mi?,2024-11-05,Tedavi Yöntemleri,hacamat,Hacamat (Kupa Terapisi),yan-etkiler-riskler,Diyabet,Üsküdar; Ümraniye,1173,1,Diyabet | Hacamat | Hayru Şifa | Sağlık | Ümraniye Hacamat | Üsküdar Hacamat,https://hayrusifa.com.tr/diyabet-hastalari-icin-hacamat-terapisi-guvenli-mi/
hacamat-tedavisinin-yan-etkileri-var-midir,Hacamat Tedavisinin Yan Etkileri Var Mıdır?,2024-07-24,Tedavi Yöntemleri,hacamat,Hacamat (Kupa Terapisi),yan-etkiler-riskler,,,1583,1,Genel | Hacamat,https://hayrusifa.com.tr/hacamat-tedavisinin-yan-etkileri-var-midir/
hacamatin-yan-etkileri-ve-kimler-hacamat-yaptirmamali,Hacamatın Yan Etkileri ve Kimler Hacamat Yaptırmamalı?,2024-10-17,Tedavi Yöntemleri,hacamat,Hacamat (Kupa Terapisi),yan-etkiler-riskler,,,1361,1,Hacamat | Hayru Şifa,https://hayrusifa.com.tr/hacamatin-yan-etkileri-ve-kimler-hacamat-yaptirmamali/
1-mayis-sali-2018-hicri-hacamat-gunu-15-saban-1439,1 Mayıs Salı 2018 Hicri Hacamat Günü (15 Şaban 1439),2018-03-31,Tedavi Yöntemleri,hicri-hacamat-gunleri,Hicri Hacamat Günleri,genel-yazi,,,30,3,Mayıs 2018 Hicri Hacamat Günleri,https://hayrusifa.com.tr/1-mayis-sali-2018-hicri-hacamat-gunu-15-saban-1439/
2024-hacamat-gunleri,2024 Hacamat Günleri,2024-09-02,Tedavi Yöntemleri,hicri-hacamat-gunleri,Hicri Hacamat Günleri,genel-yazi,,,1560,1,Genel | Hacamat | Hastalıklarda Tedavi,https://hayrusifa.com.tr/2024-hacamat-gunleri/
agustos-2018-hicri-hacamat-gunleri,Ağustos 2018 Hicri Hacamat Günleri,2018-07-27,Tedavi Yöntemleri,hicri-hacamat-gunleri,Hicri Hacamat Günleri,genel-yazi,,,73,3,Ağustos 2018 | Genel | Hacamat | Hicri Hacamat Günleri,https://hayrusifa.com.tr/agustos-2018-hicri-hacamat-gunleri/
mayis-ayi-hicri-hacamat-gunleri-2018,Mayıs Ayı Hicri Hacamat Günleri 2018,2018-03-31,Tedavi Yöntemleri,hicri-hacamat-gunleri,Hicri Hacamat Günleri,genel-yazi,,,93,3,Hicri Hacamat Günleri | Mayıs 2018 Hicri Hacamat Günleri,https://hayrusifa.com.tr/mayis-ayi-hicri-hacamat-gunleri-2018/
temmuz-ayi-hicri-gunler-2018,Temmuz Ayı Hicri Günler 2018,2018-07-01,Tedavi Yöntemleri,hicri-hacamat-gunleri,Hicri Hacamat Günleri,genel-yazi,,,130,3,Genel | Hacamat | Hicri Hacamat Günleri | Temmuz 2018,https://hayrusifa.com.tr/temmuz-ayi-hicri-gunler-2018/
manuel-terapinin-omurga-sagligi-uzerindeki-faydalari,Manuel Terapinin Omurga Sağlığı Üzerindeki Faydaları,2024-09-20,Tedavi Yöntemleri,manuel-terapi,Manuel Terapi,faydalari,,,1136,1,Hayru Şifa | Manuel Terapi,https://hayrusifa.com.tr/manuel-terapinin-omurga-sagligi-uzerindeki-faydalari/
manuel-terapi-ile-bel-fitigi-tedavisi-uzman-gorusleri,Manuel Terapi ile Bel Fıtığı Tedavisi: Uzman Görüşleri,2024-09-26,Tedavi Yöntemleri,manuel-terapi,Manuel Terapi,genel-yazi,Bel / Boyun Fıtığı,,2091,1,Hayru Şifa | Manuel Terapi,https://hayrusifa.com.tr/manuel-terapi-ile-bel-fitigi-tedavisi-uzman-gorusleri/
manuel-terapi-ile-kas-ve-eklem-agrilarindan-kurtulun,Manuel Terapi ile Kas ve Eklem Ağrılarından Kurtulun,2024-09-27,Tedavi Yöntemleri,manuel-terapi,Manuel Terapi,genel-yazi,Ağrı,,1504,1,Hayru Şifa | Manuel Terapi,https://hayrusifa.com.tr/manuel-terapi-ile-kas-ve-eklem-agrilarindan-kurtulun/
manuel-terapi-kimler-icin-uygundur-uzman-gorusleri,Manuel Terapi Kimler İçin Uygundur? Uzman Görüşleri,2024-09-20,Tedavi Yöntemleri,manuel-terapi,Manuel Terapi,genel-yazi,,,1262,1,Hayru Şifa | Manuel Terapi,https://hayrusifa.com.tr/manuel-terapi-kimler-icin-uygundur-uzman-gorusleri/
manuel-terapinin-fizyoterapi-ile-birlikte-kullanimi-etkili-tedavi-yontemleri,Manuel Terapinin Fizyoterapi ile Birlikte Kullanımı: Etkili Tedavi Yöntemleri,2024-09-26,Tedavi Yöntemleri,manuel-terapi,Manuel Terapi,genel-yazi,,,2042,1,Hayru Şifa | Manuel Terapi,https://hayrusifa.com.tr/manuel-terapinin-fizyoterapi-ile-birlikte-kullanimi-etkili-tedavi-yontemleri/
umraniye-manuel-terapi,Ümraniye Manuel Terapi,2024-07-30,Tedavi Yöntemleri,manuel-terapi,Manuel Terapi,genel-yazi,,Ümraniye,2405,0,Genel | Hastalıklarda Tedavi | Manuel Terapi,https://hayrusifa.com.tr/umraniye-manuel-terapi/
uskudar-manuel-terapi,Üsküdar Manuel Terapi,2024-08-18,Tedavi Yöntemleri,manuel-terapi,Manuel Terapi,genel-yazi,,Üsküdar,1514,1,Genel,https://hayrusifa.com.tr/uskudar-manuel-terapi/
bel-ve-boyun-fitigi-nedir,Bel Ve Boyun Fıtığı Nedir?,2018-03-31,Tedavi Yöntemleri,manuel-terapi,Manuel Terapi,nedir-genel,Bel / Boyun Fıtığı,,486,3,Fıtık | Hastalıklarda Tedavi,https://hayrusifa.com.tr/bel-ve-boyun-fitigi-nedir/
manuel-terapi-nedir-agri-tedavisinde-dogal-yontem,Manuel Terapi Nedir? Ağrı Tedavisinde Doğal Yöntem,2024-10-02,Tedavi Yöntemleri,manuel-terapi,Manuel Terapi,nedir-genel,Ağrı,,1838,1,Hayru Şifa | Manuel Terapi,https://hayrusifa.com.tr/manuel-terapi-nedir-agri-tedavisinde-dogal-yontem/
manuel-terapi-teknikleri-hangi-yontem-sizin-icin-uygun,Manuel Terapi Teknikleri: Hangi Yöntem Sizin İçin Uygun?,2024-09-20,Tedavi Yöntemleri,manuel-terapi,Manuel Terapi,uygulama-surec,,,1473,1,Hayru Şifa | Manuel Terapi,https://hayrusifa.com.tr/manuel-terapi-teknikleri-hangi-yontem-sizin-icin-uygun/
manuel-terapide-uygulanan-teknikler-ve-surecler,Manuel Terapide Uygulanan Teknikler ve Süreçler,2024-09-20,Tedavi Yöntemleri,manuel-terapi,Manuel Terapi,uygulama-surec,,,1094,1,Hayru Şifa | Manuel Terapi,https://hayrusifa.com.tr/manuel-terapide-uygulanan-teknikler-ve-surecler/
manuel-terapinin-yan-etkileri-nelerdir-neler-bilinmeli,Manuel Terapinin Yan Etkileri Nelerdir? Neler Bilinmeli?,2024-09-20,Tedavi Yöntemleri,manuel-terapi,Manuel Terapi,yan-etkiler-riskler,,,1024,1,Hayru Şifa | Manuel Terapi,https://hayrusifa.com.tr/manuel-terapinin-yan-etkileri-nelerdir-neler-bilinmeli/
akne-izlerini-silmek-icin-mezoterapi-bilimsel-kanitlar,Akne İzlerini Silmek İçin Mezoterapi: Bilimsel Kanıtlar,2025-02-09,Tedavi Yöntemleri,mezoterapi,Mezoterapi,bilimsel-tarihce,Cilt,Üsküdar,795,1,Genel | Hastalıklarda Tedavi | Hayru Şifa | Mezoterapi | Sağlık | Tedavi | Üsküdar Mezoterapi,https://hayrusifa.com.tr/akne-izlerini-silmek-icin-mezoterapi-bilimsel-kanitlar/
mezoterapi-ile-sac-dokulmesine-son-verin-bilimsel-yaklasimlar,Mezoterapi İle Saç Dökülmesine Son Verin: Bilimsel Yaklaşımlar,2024-12-31,Tedavi Yöntemleri,mezoterapi,Mezoterapi,bilimsel-tarihce,Saç Dökülmesi,Üsküdar,715,1,Mezoterapi | Sağlık | Tedavi | Üsküdar Mezoterapi,https://hayrusifa.com.tr/mezoterapi-ile-sac-dokulmesine-son-verin-bilimsel-yaklasimlar/
mezoterapi-ile-selulit-tedavisi-bilimsel-yaklasim,Mezoterapi İle Selülit Tedavisi: Bilimsel Yaklaşım,2024-09-26,Tedavi Yöntemleri,mezoterapi,Mezoterapi,bilimsel-tarihce,Selülit,,2059,1,Hayru Şifa | Mezoterapi,https://hayrusifa.com.tr/mezoterapi-ile-selulit-tedavisi-bilimsel-yaklasim/
cilt-genclestirmede-mezoterapi-uygulamasinin-avantajlari,Cilt Gençleştirmede Mezoterapi Uygulamasının Avantajları,2024-11-05,Tedavi Yöntemleri,mezoterapi,Mezoterapi,faydalari,Cilt,Üsküdar,1161,1,Hayru Şifa | Mezoterapi | Sağlık | Üsküdar Mezoterapi,https://hayrusifa.com.tr/cilt-genclestirmede-mezoterapi-uygulamasinin-avantajlari/
mezoterapi-ile-cilt-genclestirme-10-onemli-faydasi,Mezoterapi ile Cilt Gençleştirme: 10 Önemli Faydası,2024-09-20,Tedavi Yöntemleri,mezoterapi,Mezoterapi,faydalari,Cilt,,1192,1,Hayru Şifa | Mezoterapi,https://hayrusifa.com.tr/mezoterapi-ile-cilt-genclestirme-10-onemli-faydasi/
mezoterapi-nedir-ve-cilt-sagligina-katkilari-nelerdir,Mezoterapi Nedir ve Cilt Sağlığına Katkıları Nelerdir?,2024-12-19,Tedavi Yöntemleri,mezoterapi,Mezoterapi,faydalari,Cilt,,642,1,Mezoterapi | Sağlık | Tedavi,https://hayrusifa.com.tr/mezoterapi-nedir-ve-cilt-sagligina-katkilari-nelerdir/
mezoterapi-nedir-yuz-ve-vucut-icin-faydalari,Mezoterapi Nedir? Yüz ve Vücut İçin Faydaları,2024-10-17,Tedavi Yöntemleri,mezoterapi,Mezoterapi,faydalari,,,1552,1,Hayru Şifa | Mezoterapi,https://hayrusifa.com.tr/mezoterapi-nedir-yuz-ve-vucut-icin-faydalari/
mezoterapi-ve-mikroenjeksiyon-farklari-ve-avantajlari,Mezoterapi ve Mikroenjeksiyon: Farkları ve Avantajları,2025-03-11,Tedavi Yöntemleri,mezoterapi,Mezoterapi,faydalari,,Üsküdar,876,1,Genel | Hastalıklarda Tedavi | Hayru Şifa | Mezoterapi | Sağlık | Tedavi | Üsküdar Mezoterapi,https://hayrusifa.com.tr/mezoterapi-ve-mikroenjeksiyon-farklari-ve-avantajlari/
mezoterapi-ve-prpnin-birlikte-kullaniminin-avantajlari,Mezoterapi ve PRP’nin Birlikte Kullanımının Avantajları,2024-12-03,Tedavi Yöntemleri,mezoterapi,Mezoterapi,faydalari,,Üsküdar,366,1,Genel | Hayru Şifa | Mezoterapi | PRP Uygulaması | Sağlık | Tedavi | Üsküdar Mezoterapi | Üsküdar PRP Tedavisi,https://hayrusifa.com.tr/mezoterapi-ve-prpnin-birlikte-kullaniminin-avantajlari/
mezoterapide-kullanilan-vitamin-kokteylleri-icerikler-ve-etkiler,Mezoterapide Kullanılan Vitamin Kokteylleri: İçerikler ve Etkiler,2025-01-17,Tedavi Yöntemleri,mezoterapi,Mezoterapi,faydalari,,Üsküdar,651,1,Genel | Hastalıklarda Tedavi | Hayru Şifa | Mezoterapi | Sağlık | Tedavi | Üsküdar Mezoterapi,https://hayrusifa.com.tr/mezoterapide-kullanilan-vitamin-kokteylleri-icerikler-ve-etkiler/
mezoterapinin-lenfatik-dolasima-olan-etkileri,Mezoterapinin Lenfatik Dolaşıma Olan Etkileri,2025-03-05,Tedavi Yöntemleri,mezoterapi,Mezoterapi,faydalari,,Üsküdar,821,1,Genel | Hastalıklarda Tedavi | Hayru Şifa | Mezoterapi | Sağlık | Tedavi | Üsküdar Mezoterapi,https://hayrusifa.com.tr/mezoterapinin-lenfatik-dolasima-olan-etkileri/
mezoterapi-uygulamasi-kac-seans-surer-etkisi-ne-kadar-kalicidir,Mezoterapi Uygulaması Kaç Seans Sürer? Etkisi Ne Kadar Kalıcıdır?,2024-11-12,Tedavi Yöntemleri,mezoterapi,Mezoterapi,fiyat,,Üsküdar,1079,1,Hayru Şifa | Mezoterapi | Tedavi | Üsküdar Mezoterapi,https://hayrusifa.com.tr/mezoterapi-uygulamasi-kac-seans-surer-etkisi-ne-kadar-kalicidir/
cilt-lekeleri-ve-mezoterapi-hangi-yontem-daha-etkili,Cilt Lekeleri ve Mezoterapi: Hangi Yöntem Daha Etkili?,2025-01-06,Tedavi Yöntemleri,mezoterapi,Mezoterapi,genel-yazi,Cilt,Üsküdar,596,1,Cilt | Mezoterapi | Sağlık | Tedavi | Üsküdar Mezoterapi,https://hayrusifa.com.tr/cilt-lekeleri-ve-mezoterapi-hangi-yontem-daha-etkili/
goz-alti-morluklari-icin-mezoterapi-etkili-bir-cozum-mu,Göz Altı Morlukları İçin Mezoterapi Etkili Bir Çözüm mü?,2024-11-12,Tedavi Yöntemleri,mezoterapi,Mezoterapi,genel-yazi,Göz,Üsküdar,920,1,Göz | Hayru Şifa | Mezoterapi | Sağlık | Üsküdar Mezoterapi,https://hayrusifa.com.tr/goz-alti-morluklari-icin-mezoterapi-etkili-bir-cozum-mu/
goz-alti-torbalari-icin-mezoterapi-uygulamasi,Göz Altı Torbaları İçin Mezoterapi Uygulaması,2025-02-15,Tedavi Yöntemleri,mezoterapi,Mezoterapi,genel-yazi,Göz,Üsküdar,749,1,Genel | Göz | Hastalıklarda Tedavi | Hayru Şifa | Mezoterapi | Sağlık | Tedavi | Üsküdar Mezoterapi,https://hayrusifa.com.tr/goz-alti-torbalari-icin-mezoterapi-uygulamasi/
mezoterapi-ile-akne-izlerini-azaltmak-cilt-sorunlarina-etkili-cozum,Mezoterapi ile Akne İzlerini Azaltmak: Cilt Sorunlarına Etkili Çözüm,2024-11-05,Tedavi Yöntemleri,mezoterapi,Mezoterapi,genel-yazi,Cilt,Üsküdar,1054,1,Hayru Şifa | Mezoterapi | Sağlık | Üsküdar Mezoterapi,https://hayrusifa.com.tr/mezoterapi-ile-akne-izlerini-azaltmak-cilt-sorunlarina-etkili-cozum/
mezoterapi-ile-akne-ve-cilt-lekeleri-tedavisi,Mezoterapi ile Akne ve Cilt Lekeleri Tedavisi,2024-07-29,Tedavi Yöntemleri,mezoterapi,Mezoterapi,genel-yazi,Cilt,,2395,1,Cilt | Genel | Mezoterapi,https://hayrusifa.com.tr/mezoterapi-ile-akne-ve-cilt-lekeleri-tedavisi/
mezoterapi-ile-bolgesel-zayiflama-mumkun-mu,Mezoterapi ile Bölgesel Zayıflama Mümkün mü?,2024-09-27,Tedavi Yöntemleri,mezoterapi,Mezoterapi,genel-yazi,Obezite / Zayıflama,,2388,1,Hayru Şifa | Mezoterapi,https://hayrusifa.com.tr/mezoterapi-ile-bolgesel-zayiflama-mumkun-mu/
mezoterapi-ile-bolgesel-zayiflama-nasil-saglanir,Mezoterapi ile Bölgesel Zayıflama Nasıl Sağlanır?,2024-12-01,Tedavi Yöntemleri,mezoterapi,Mezoterapi,genel-yazi,Obezite / Zayıflama,Üsküdar,715,1,Hayru Şifa | Mezoterapi | Sağlık | Üsküdar Mezoterapi,https://hayrusifa.com.tr/mezoterapi-ile-bolgesel-zayiflama-nasil-saglanir/
mezoterapi-ile-cilt-genclestirme,Mezoterapi ile Cilt Gençleştirme,2024-07-29,Tedavi Yöntemleri,mezoterapi,Mezoterapi,genel-yazi,Cilt,,2008,1,Cilt | Genel | Hastalıklarda Tedavi | Mezoterapi,https://hayrusifa.com.tr/mezoterapi-ile-cilt-genclestirme/
mezoterapi-ile-cilt-genclestirme-ve-parlaklik-saglama,Mezoterapi ile Cilt Gençleştirme ve Parlaklık Sağlama,2024-11-26,Tedavi Yöntemleri,mezoterapi,Mezoterapi,genel-yazi,Cilt,Üsküdar,759,1,Hayru Şifa | Mezoterapi | Sağlık | Üsküdar Mezoterapi,https://hayrusifa.com.tr/mezoterapi-ile-cilt-genclestirme-ve-parlaklik-saglama/
mezoterapi-ile-ince-cizgileri-giderme-genc-gorunum-icin-adimlar,Mezoterapi ile İnce Çizgileri Giderme: Genç Görünüm İçin Adımlar,2024-11-11,Tedavi Yöntemleri,mezoterapi,Mezoterapi,genel-yazi,,Üsküdar,919,1,Hayru Şifa | Mezoterapi | Sağlık | Üsküdar Mezoterapi,https://hayrusifa.com.tr/mezoterapi-ile-ince-cizgileri-giderme-genc-gorunum-icin-adimlar/
mezoterapi-ile-leke-tedavisi-cilt-tonunu-esitlemenin-yollari,Mezoterapi ile Leke Tedavisi: Cilt Tonunu Eşitlemenin Yolları,2024-11-04,Tedavi Yöntemleri,mezoterapi,Mezoterapi,genel-yazi,Cilt,Üsküdar,943,1,Hayru Şifa | Mezoterapi | Tedavi | Üsküdar Mezoterapi,https://hayrusifa.com.tr/mezoterapi-ile-leke-tedavisi-cilt-tonunu-esitlemenin-yollari/
mezoterapi-ile-parlak-ve-saglikli-ciltlere-kavusun,Mezoterapi ile Parlak ve Sağlıklı Ciltlere Kavuşun,2024-12-03,Tedavi Yöntemleri,mezoterapi,Mezoterapi,genel-yazi,Cilt,Üsküdar,590,1,Cilt | Genel | Hayru Şifa | Mezoterapi | Sağlık | Tedavi | Üsküdar Mezoterapi,https://hayrusifa.com.tr/mezoterapi-ile-parlak-ve-saglikli-ciltlere-kavusun/
mezoterapi-ile-sac-dokulmesi-tedavisi-kimler-icin-uygundur,Mezoterapi ile Saç Dökülmesi Tedavisi: Kimler İçin Uygundur?,2024-11-11,Tedavi Yöntemleri,mezoterapi,Mezoterapi,genel-yazi,Saç Dökülmesi,Üsküdar,1209,1,Hayru Şifa | Mezoterapi | Saç Dökülmesi | Tedavi | Üsküdar Mezoterapi,https://hayrusifa.com.tr/mezoterapi-ile-sac-dokulmesi-tedavisi-kimler-icin-uygundur/
mezoterapi-ile-saglikli-ve-canli-saclara-kavusun,Mezoterapi ile Sağlıklı ve Canlı Saçlara Kavuşun,2024-12-02,Tedavi Yöntemleri,mezoterapi,Mezoterapi,genel-yazi,Saç Dökülmesi,Üsküdar,684,1,Genel | Hayru Şifa | Mezoterapi | Saç Dökülmesi | Sağlık | Üsküdar Mezoterapi,https://hayrusifa.com.tr/mezoterapi-ile-saglikli-ve-canli-saclara-kavusun/
mezoterapi-ile-selulit-tedavisi-purussuz-bir-cilt-icin,Mezoterapi ile Selülit Tedavisi: Pürüzsüz Bir Cilt İçin,2024-07-29,Tedavi Yöntemleri,mezoterapi,Mezoterapi,genel-yazi,Cilt; Selülit; Varis,,1491,1,Cilt | Genel | Hastalıklarda Tedavi | Mezoterapi | Varis,https://hayrusifa.com.tr/mezoterapi-ile-selulit-tedavisi-purussuz-bir-cilt-icin/
mezoterapi-ile-selulitlere-veda-edin-gercekten-mumkun-mu,Mezoterapi İle Selülitlere Veda Edin: Gerçekten Mümkün mü?,2025-01-22,Tedavi Yöntemleri,mezoterapi,Mezoterapi,genel-yazi,Selülit,Üsküdar,543,1,Genel | Hastalıklarda Tedavi | Hayru Şifa | Mezoterapi | Sağlık | Tedavi | Üsküdar Mezoterapi,https://hayrusifa.com.tr/mezoterapi-ile-selulitlere-veda-edin-gercekten-mumkun-mu/
mezoterapi-tedavisinde-kullanilan-maddeler-nelerdir,Mezoterapi Tedavisinde Kullanılan Maddeler Nelerdir?,2024-11-29,Tedavi Yöntemleri,mezoterapi,Mezoterapi,genel-yazi,,Üsküdar,751,1,Hayru Şifa | Mezoterapi | Sağlık | Tedavi | Üsküdar Mezoterapi,https://hayrusifa.com.tr/mezoterapi-tedavisinde-kullanilan-maddeler-nelerdir/
mezoterapi-ve-kilo-kaybi,Mezoterapi ve Kilo Kaybı,2024-07-29,Tedavi Yöntemleri,mezoterapi,Mezoterapi,genel-yazi,Obezite / Zayıflama,,2324,1,Genel | Hastalıklarda Tedavi | Obezite,https://hayrusifa.com.tr/mezoterapi-ve-kilo-kaybi/
mezoterapi-ve-ozon-tedavisinin-birlikte-kullanimi,Mezoterapi ve Ozon Tedavisinin Birlikte Kullanımı,2024-12-06,Tedavi Yöntemleri,mezoterapi,Mezoterapi,genel-yazi,,Üsküdar,644,1,Hayru Şifa | Mezoterapi | ozon tedavisi faydaları | ozon tedavisi nedir | ozon terapi Üsküdar | Ozon Terapisi | Sağlık | Tedavi | Üsküdar Mezoterapi | Üsküdar ozon tedavisi merkezleri | Üsküdar'da ozon tedavisi önerileri | Üsküdar'da ozon terapisi,https://hayrusifa.com.tr/mezoterapi-ve-ozon-tedavisinin-birlikte-kullanimi/
mezoterapi-ve-suluk-terapisi-ile-saglikli-cilt-ve-sac,Mezoterapi ve Sülük Terapisi ile Sağlıklı Cilt ve Saç,2024-12-02,Tedavi Yöntemleri,mezoterapi,Mezoterapi,genel-yazi,Cilt; Saç Dökülmesi,Üsküdar; Ümraniye,703,1,Cilt | Genel | Hayru Şifa | Mezoterapi | Saç Dökülmesi | Sağlık | Sülük Tedavisi | Tedavi | Ümraniye Sülük Tedavisi | Üsküdar Mezoterapi,https://hayrusifa.com.tr/mezoterapi-ve-suluk-terapisi-ile-saglikli-cilt-ve-sac/
mezoterapinin-cilt-alti-dokulara-etkisi-uzman-gorusleri,Mezoterapinin Cilt Altı Dokulara Etkisi: Uzman Görüşleri,2025-01-28,Tedavi Yöntemleri,mezoterapi,Mezoterapi,genel-yazi,Cilt,Üsküdar,622,1,Cilt | Genel | Hastalıklarda Tedavi | Hayru Şifa | Mezoterapi | Sağlık | Tedavi | Üsküdar Mezoterapi,https://hayrusifa.com.tr/mezoterapinin-cilt-alti-dokulara-etkisi-uzman-gorusleri/
mezoterapinin-cilt-lekeleri-uzerindeki-etkisi,Mezoterapinin Cilt Lekeleri Üzerindeki Etkisi,2024-12-03,Tedavi Yöntemleri,mezoterapi,Mezoterapi,genel-yazi,Cilt,Üsküdar,503,1,Cilt | Genel | Hayru Şifa | Mezoterapi | Sağlık | Üsküdar Mezoterapi,https://hayrusifa.com.tr/mezoterapinin-cilt-lekeleri-uzerindeki-etkisi/
mezoterapinin-sac-dokulmesine-etkisi-kalici-cozumler,Mezoterapinin Saç Dökülmesine Etkisi: Kalıcı Çözümler,2024-10-18,Tedavi Yöntemleri,mezoterapi,Mezoterapi,genel-yazi,Saç Dökülmesi,,1624,1,Hayru Şifa | Mezoterapi,https://hayrusifa.com.tr/mezoterapinin-sac-dokulmesine-etkisi-kalici-cozumler/
mezoterapinin-sac-dokulmesini-onlemedeki-rolu,Mezoterapinin Saç Dökülmesini Önlemedeki Rolü,2024-11-28,Tedavi Yöntemleri,mezoterapi,Mezoterapi,genel-yazi,Saç Dökülmesi,Üsküdar,826,1,Hayru Şifa | Mezoterapi | Sağlık | Üsküdar Mezoterapi,https://hayrusifa.com.tr/mezoterapinin-sac-dokulmesini-onlemedeki-rolu/
mezoterapinin-sivilce-ve-akne-tedavisindeki-etkisi,Mezoterapinin Sivilce ve Akne Tedavisindeki Etkisi,2024-12-03,Tedavi Yöntemleri,mezoterapi,Mezoterapi,genel-yazi,Cilt,Üsküdar,688,1,Hayru Şifa | Mezoterapi | Sağlık | Tedavi | Üsküdar Mezoterapi,https://hayrusifa.com.tr/mezoterapinin-sivilce-ve-akne-tedavisindeki-etkisi/
sac-dokulmeleri-ve-mezoterapi,Saç Dökülmesi ve Mezoterapi,2024-07-29,Tedavi Yöntemleri,mezoterapi,Mezoterapi,genel-yazi,Cilt; Saç Dökülmesi; Varis,,1479,1,Cilt | Genel | Mezoterapi | Saç Dökülmesi | Varis,https://hayrusifa.com.tr/sac-dokulmeleri-ve-mezoterapi/
umraniye-mezoterapi,Ümraniye Mezoterapi,2024-07-30,Tedavi Yöntemleri,mezoterapi,Mezoterapi,genel-yazi,,Ümraniye,1706,1,Genel | Hastalıklarda Tedavi | Mezoterapi,https://hayrusifa.com.tr/umraniye-mezoterapi/
uskudar-mezoterapi,Üsküdar Mezoterapi,2024-08-18,Tedavi Yöntemleri,mezoterapi,Mezoterapi,genel-yazi,,Üsküdar,1705,1,Genel | Hastalıklarda Tedavi | Mezoterapi | Üsküdar Mezoterapi,https://hayrusifa.com.tr/uskudar-mezoterapi/
vucut-sekillendirme-icin-mezoterapi-nasil-calisir,Vücut Şekillendirme İçin Mezoterapi Nasıl Çalışır?,2025-01-12,Tedavi Yöntemleri,mezoterapi,Mezoterapi,genel-yazi,,Üsküdar,763,1,Mezoterapi | Sağlık | Tedavi | Üsküdar Mezoterapi,https://hayrusifa.com.tr/vucut-sekillendirme-icin-mezoterapi-nasil-calisir/
dogal-genclesmenin-sirri-mezoterapi-uygulama-alanlari,Doğal Gençleşmenin Sırrı: Mezoterapi Uygulama Alanları,2024-12-25,Tedavi Yöntemleri,mezoterapi,Mezoterapi,hangi-hastaliklar,,Üsküdar,659,1,Mezoterapi | Sağlık | Tedavi | Üsküdar Mezoterapi,https://hayrusifa.com.tr/dogal-genclesmenin-sirri-mezoterapi-uygulama-alanlari/
mezoterapi-nedir,Mezoterapi Nedir?,2024-07-27,Tedavi Yöntemleri,mezoterapi,Mezoterapi,nedir-genel,Cilt,,1798,1,Cilt | Genel | Hastalıklarda Tedavi,https://hayrusifa.com.tr/mezoterapi-nedir/
mezoterapi-nedir-ve-selulit-tedavisinde-nasil-kullanilir,Mezoterapi Nedir ve Selülit Tedavisinde Nasıl Kullanılır?,2024-11-12,Tedavi Yöntemleri,mezoterapi,Mezoterapi,nedir-genel,Selülit,Üsküdar,1000,1,Hayru Şifa | Sağlık | Tedavi | Üsküdar Mezoterapi,https://hayrusifa.com.tr/mezoterapi-nedir-ve-selulit-tedavisinde-nasil-kullanilir/
hamilelik-sonrasi-cilt-problemlerinde-mezoterapi-cozumleri,Hamilelik Sonrası Cilt Problemlerinde Mezoterapi Çözümleri,2025-02-27,Tedavi Yöntemleri,mezoterapi,Mezoterapi,sonrasi-bakim,Cilt,Üsküdar,753,1,Cilt | Genel | Hastalıklarda Tedavi | Hayru Şifa | Mezoterapi | Sağlık | Tedavi | Üsküdar Mezoterapi,https://hayrusifa.com.tr/hamilelik-sonrasi-cilt-problemlerinde-mezoterapi-cozumleri/
mezoterapi-ile-cilt-genclestirme-ve-sac-bakimi-bir-arada,Mezoterapi ile Cilt Gençleştirme ve Saç Bakımı Bir Arada,2024-12-03,Tedavi Yöntemleri,mezoterapi,Mezoterapi,sonrasi-bakim,Cilt,Üsküdar,711,1,Cilt | Genel | Hayru Şifa | Mezoterapi | Sağlık | Üsküdar Mezoterapi,https://hayrusifa.com.tr/mezoterapi-ile-cilt-genclestirme-ve-sac-bakimi-bir-arada/
mezoterapi-sonrasi-dikkat-edilmesi-gereken-7-onemli-ipucu,Mezoterapi Sonrası Dikkat Edilmesi Gereken 7 Önemli İpucu,2024-10-16,Tedavi Yöntemleri,mezoterapi,Mezoterapi,sonrasi-bakim,,,1608,1,Hayru Şifa | Mezoterapi,https://hayrusifa.com.tr/mezoterapi-sonrasi-dikkat-edilmesi-gereken-7-onemli-ipucu/
mezoterapi-sonrasi-dikkat-edilmesi-gerekenler-ve-bakim-ipuclari,Mezoterapi Sonrası Dikkat Edilmesi Gerekenler ve Bakım İpuçları,2024-11-12,Tedavi Yöntemleri,mezoterapi,Mezoterapi,sonrasi-bakim,,Üsküdar,981,1,Hayru Şifa | Mezoterapi | Sağlık | Tedavi | Üsküdar Mezoterapi,https://hayrusifa.com.tr/mezoterapi-sonrasi-dikkat-edilmesi-gerekenler-ve-bakim-ipuclari/
mezoterapi-ve-cilt-bakimi-dogal-genclesmenin-sirri,Mezoterapi ve Cilt Bakımı: Doğal Gençleşmenin Sırrı,2024-10-16,Tedavi Yöntemleri,mezoterapi,Mezoterapi,sonrasi-bakim,Cilt,,1169,1,Hayru Şifa | Mezoterapi,https://hayrusifa.com.tr/mezoterapi-ve-cilt-bakimi-dogal-genclesmenin-sirri/
yaslanma-karsiti-bakimda-mezoterapi-cozumleri,Yaşlanma Karşıtı Bakımda Mezoterapi Çözümleri,2025-02-03,Tedavi Yöntemleri,mezoterapi,Mezoterapi,sonrasi-bakim,,Üsküdar,590,1,Genel | Hastalıklarda Tedavi | Hayru Şifa | Mezoterapi | Sağlık | Tedavi | Üsküdar Mezoterapi,https://hayrusifa.com.tr/yaslanma-karsiti-bakimda-mezoterapi-cozumleri/
mezoterapi-nasil-uygulanir-adim-adim-rehber,Mezoterapi Nasıl Uygulanır? Adım Adım Rehber,2024-07-29,Tedavi Yöntemleri,mezoterapi,Mezoterapi,uygulama-surec,Cilt; Saç Dökülmesi; Varis,,1809,1,Cilt | Genel | Hastalıklarda Tedavi | Mezoterapi | Saç Dökülmesi | Varis,https://hayrusifa.com.tr/mezoterapi-nasil-uygulanir-adim-adim-rehber/
mezoterapi-seanslari-kac-kez-yapilmalidir,Mezoterapi Seansları Kaç Kez Yapılmalıdır?,2024-12-02,Tedavi Yöntemleri,mezoterapi,Mezoterapi,uygulama-surec,,Üsküdar,700,1,Hayru Şifa | Mezoterapi | Sağlık | Üsküdar Mezoterapi,https://hayrusifa.com.tr/mezoterapi-seanslari-kac-kez-yapilmalidir/
mezoterapi-tedavisi-nasil-yapilir-asamalari-ve-surecleri,Mezoterapi Tedavisi Nasıl Yapılır? Aşamaları ve Süreçleri,2024-10-17,Tedavi Yöntemleri,mezoterapi,Mezoterapi,uygulama-surec,,,1471,1,Hayru Şifa | Mezoterapi,https://hayrusifa.com.tr/mezoterapi-tedavisi-nasil-yapilir-asamalari-ve-surecleri/
mezoterapide-kullanilan-ignesiz-teknikler-yeni-trendler,Mezoterapide Kullanılan İğnesiz Teknikler: Yeni Trendler,2025-02-21,Tedavi Yöntemleri,mezoterapi,Mezoterapi,uygulama-surec,,Üsküdar,758,1,Genel | Hastalıklarda Tedavi | Hayru Şifa | Mezoterapi | Sağlık | Tedavi | Üsküdar Mezoterapi,https://hayrusifa.com.tr/mezoterapide-kullanilan-ignesiz-teknikler-yeni-trendler/
mezoterapi-ile-bolgesel-yag-yakimi-nasil-calisir-ve-guvenli-midir,Mezoterapi ile Bölgesel Yağ Yakımı: Nasıl Çalışır ve Güvenli midir?,2024-11-11,Tedavi Yöntemleri,mezoterapi,Mezoterapi,yan-etkiler-riskler,,Üsküdar,1069,1,Hayru Şifa | Mezoterapi | Sağlık | Üsküdar Mezoterapi,https://hayrusifa.com.tr/mezoterapi-ile-bolgesel-yag-yakimi-nasil-calisir-ve-guvenli-midir/
mezoterapi-kimler-icin-uygun-degildir-riskler-ve-faydalar,Mezoterapi Kimler İçin Uygun Değildir? Riskler ve Faydalar,2024-10-18,Tedavi Yöntemleri,mezoterapi,Mezoterapi,yan-etkiler-riskler,,,1673,1,Hayru Şifa | Mezoterapi,https://hayrusifa.com.tr/mezoterapi-kimler-icin-uygun-degildir-riskler-ve-faydalar/
mezoterapinin-yan-etkileri,Mezoterapinin Yan Etkileri,2024-07-29,Tedavi Yöntemleri,mezoterapi,Mezoterapi,yan-etkiler-riskler,Cilt; Hormon Bozukluğu; Saç Dökülmesi,,1778,1,Cilt | Genel | Hormon Bozukluğu | Mezoterapi | Saç Dökülmesi,https://hayrusifa.com.tr/mezoterapinin-yan-etkileri/
mezoterapinin-yan-etkileri-neler-bilinmeli-ve-nelere-dikkat-edilmeli,Mezoterapinin Yan Etkileri: Neler Bilinmeli ve Nelere Dikkat Edilmeli?,2024-10-17,Tedavi Yöntemleri,mezoterapi,Mezoterapi,yan-etkiler-riskler,,,1526,1,Hayru Şifa | Mezoterapi,https://hayrusifa.com.tr/mezoterapinin-yan-etkileri-neler-bilinmeli-ve-nelere-dikkat-edilmeli/
mezoterapinin-yan-etkileri-var-mi-uzmanlardan-bilgiler,Mezoterapinin Yan Etkileri Var mı? Uzmanlardan Bilgiler,2024-12-05,Tedavi Yöntemleri,mezoterapi,Mezoterapi,yan-etkiler-riskler,,Üsküdar,633,1,Hayru Şifa | Mezoterapi | Sağlık | Üsküdar Mezoterapi,https://hayrusifa.com.tr/mezoterapinin-yan-etkileri-var-mi-uzmanlardan-bilgiler/
mizac-analizinin-psikoloji-uzerindeki-etkileri-bilimsel-gercekler,Mizaç Analizinin Psikoloji Üzerindeki Etkileri: Bilimsel Gerçekler,2024-10-18,Tedavi Yöntemleri,mizac-analizi,Mizaç Analizi,bilimsel-tarihce,,,1678,1,Hayru Şifa | mizaç | Mizaç Analizi,https://hayrusifa.com.tr/mizac-analizinin-psikoloji-uzerindeki-etkileri-bilimsel-gercekler/
mizac-analizi-ile-saglik-ve-zihin-baglantisiorhayru-sifa-dogal-tedavil,Mizaç Analizi ile Sağlık ve Zihin Bağlantısı: Psikolojik Etkiler,2024-09-20,Tedavi Yöntemleri,mizac-analizi,Mizaç Analizi,faydalari,,,1450,1,Hayru Şifa | Mizaç Analizi,https://hayrusifa.com.tr/mizac-analizi-ile-saglik-ve-zihin-baglantisiorhayru-sifa-dogal-tedavil/
mizac-analizinin-kisisel-gelisime-katkilari-5-temel-faydasi,Mizaç Analizinin Kişisel Gelişime Katkıları: 5 Temel Faydası,2024-10-17,Tedavi Yöntemleri,mizac-analizi,Mizaç Analizi,faydalari,,,1702,1,Hayru Şifa | mizaç | Mizaç Analizi,https://hayrusifa.com.tr/mizac-analizinin-kisisel-gelisime-katkilari-5-temel-faydasi/
mizac-analizinin-stres-yonetimine-etkileri-kendi-dengenizi-bulun,Mizaç Analizinin Stres Yönetimine Etkileri: Kendi Dengenizi Bulun,2024-09-26,Tedavi Yöntemleri,mizac-analizi,Mizaç Analizi,faydalari,Stres,,1922,1,Hayru Şifa | mizaç,https://hayrusifa.com.tr/mizac-analizinin-stres-yonetimine-etkileri-kendi-dengenizi-bulun/
mizac-analizi-ile-kariyer-planlamasi-hangi-meslek-size-uygun,Mizaç Analizi ile Kariyer Planlaması: Hangi Meslek Size Uygun?,2024-09-27,Tedavi Yöntemleri,mizac-analizi,Mizaç Analizi,genel-yazi,,,1456,1,Hayru Şifa | mizaç | Mizaç Analizi,https://hayrusifa.com.tr/mizac-analizi-ile-kariyer-planlamasi-hangi-meslek-size-uygun/
mizac-analizi-ve-cocuk-gelisimi-erken-yasta-kisiligi-kesfetmenin-yollari,Mizaç Analizi ve Çocuk Gelişimi: Erken Yaşta Kişiliği Keşfetmenin Yolları,2024-10-18,Tedavi Yöntemleri,mizac-analizi,Mizaç Analizi,genel-yazi,,,1364,1,Hayru Şifa | mizaç | Mizaç Analizi,https://hayrusifa.com.tr/mizac-analizi-ve-cocuk-gelisimi-erken-yasta-kisiligi-kesfetmenin-yollari/
mizac-analizi-ve-iliskiler-esinizi-daha-iyi-anlamanin-yollari,Mizaç Analizi ve İlişkiler: Eşinizi Daha İyi Anlamanın Yolları,2024-10-18,Tedavi Yöntemleri,mizac-analizi,Mizaç Analizi,genel-yazi,,,2009,1,Hayru Şifa | mizaç | Mizaç Analizi,https://hayrusifa.com.tr/mizac-analizi-ve-iliskiler-esinizi-daha-iyi-anlamanin-yollari/
mizac-analizinin-yanlis-anlasilmalari-dogru-bilinen-yanlislar,Mizaç Analizinin Yanlış Anlaşılmaları: Doğru Bilinen 5 Yanlış,2024-10-16,Tedavi Yöntemleri,mizac-analizi,Mizaç Analizi,genel-yazi,,,1993,1,Hayru Şifa | mizaç | Mizaç Analizi,https://hayrusifa.com.tr/mizac-analizinin-yanlis-anlasilmalari-dogru-bilinen-yanlislar/
umraniye-mizac-analizi,Ümraniye Mizaç Analizi,2024-08-01,Tedavi Yöntemleri,mizac-analizi,Mizaç Analizi,genel-yazi,,Ümraniye,2128,1,Genel | Hastalıklarda Tedavi | Mizaç Analizi,https://hayrusifa.com.tr/umraniye-mizac-analizi/
mizac-analizi-nedir-kisiliginizi-kesfetmenin-yollari,Mizaç Analizi Nedir? Kişiliğinizi Keşfetmenin Yolları,2024-10-17,Tedavi Yöntemleri,mizac-analizi,Mizaç Analizi,nedir-genel,,,1607,1,Hayru Şifa | mizaç | Mizaç Analizi,https://hayrusifa.com.tr/mizac-analizi-nedir-kisiliginizi-kesfetmenin-yollari/
mizac-analizi-sonrasi-hangi-adimlari-atmalisiniz,Mizaç Analizi Sonrası Hangi Adımları Atmalısınız?,2024-10-18,Tedavi Yöntemleri,mizac-analizi,Mizaç Analizi,sonrasi-bakim,,,2156,1,Hayru Şifa | mizaç | Mizaç Analizi,https://hayrusifa.com.tr/mizac-analizi-sonrasi-hangi-adimlari-atmalisiniz/
mizac-analizi-sonuclarini-dogru-yorumlama-yontemleri,Mizaç Analizi Sonuçlarını Doğru Yorumlama Yöntemleri,2024-09-20,Tedavi Yöntemleri,mizac-analizi,Mizaç Analizi,yorumlar,,,1317,1,Hayru Şifa | Mizaç Analizi,https://hayrusifa.com.tr/mizac-analizi-sonuclarini-dogru-yorumlama-yontemleri/
noral-terapi-ile-bagisiklik-sisteminizi-guclendirin,Nöral Terapi ile Bağışıklık Sisteminizi Güçlendirin: 5 Bilimsel Faydası,2024-10-16,Tedavi Yöntemleri,noral-terapi,Nöral Terapi,bilimsel-tarihce,Bağışıklık,,1840,1,Hayru Şifa | Nöral Terapi,https://hayrusifa.com.tr/noral-terapi-ile-bagisiklik-sisteminizi-guclendirin/
noral-terapinin-bilimsel-temelleri,Nöral Terapinin Bilimsel Temelleri,2020-06-05,Tedavi Yöntemleri,noral-terapi,Nöral Terapi,bilimsel-tarihce,Ağrı; Depresyon / Anksiyete,,1634,1,Ağrı | Anksiyete | Genel | Hastalıklarda Tedavi,https://hayrusifa.com.tr/noral-terapinin-bilimsel-temelleri/
noral-terapinin-tarihi-ve-gelisimi,Nöral Terapinin Tarihi ve Gelişimi,2020-04-10,Tedavi Yöntemleri,noral-terapi,Nöral Terapi,bilimsel-tarihce,Ağrı,,1431,1,Ağrı | Akupunktur | Genel | Hastalıklarda Tedavi | Nöral Terapi,https://hayrusifa.com.tr/noral-terapinin-tarihi-ve-gelisimi/
noral-terapi-uykuya-faydali-mi,Nöral Terapi Uykuya Faydalı Mı?,2020-05-25,Tedavi Yöntemleri,noral-terapi,Nöral Terapi,faydalari,Ağrı; Depresyon / Anksiyete; Migren; Uyku Bozuklukları,,1404,1,Ağrı | Anksiyete | Genel | Hastalıklarda Tedavi | Migren | Nöral Terapi,https://hayrusifa.com.tr/noral-terapi-uykuya-faydali-mi/
noral-terapi-ve-agri-tedavisi-nasil-ise-yarar,Nöral Terapi ve Ağrı Tedavisi: Nasıl İşe Yarar?,2024-09-20,Tedavi Yöntemleri,noral-terapi,Nöral Terapi,faydalari,Ağrı,,1314,1,Hayru Şifa | Nöral Terapi,https://hayrusifa.com.tr/noral-terapi-ve-agri-tedavisi-nasil-ise-yarar/
noral-terapinin-bagisiklik-sistemine-etkileri,Nöral Terapinin Bağışıklık Sistemine Etkileri,2020-05-15,Tedavi Yöntemleri,noral-terapi,Nöral Terapi,faydalari,Ağrı; Bağışıklık; Depresyon / Anksiyete; Migren,,1826,1,Ağrı | Anksiyete | Genel | Hastalıklarda Tedavi | Migren | Nöral Terapi,https://hayrusifa.com.tr/noral-terapinin-bagisiklik-sistemine-etkileri/
noral-terapinin-temel-prensipleri-ve-sagladigi-faydalar,Nöral Terapinin Temel Prensipleri ve Sağladığı Faydalar,2024-07-29,Tedavi Yöntemleri,noral-terapi,Nöral Terapi,faydalari,Hormon Bozukluğu; Kronik Yorgunluk,,2712,1,Genel | Hormon Bozukluğu | Kronik Yorgunluk | Nöral Terapi,https://hayrusifa.com.tr/noral-terapinin-temel-prensipleri-ve-sagladigi-faydalar/
noral-terapi-ile-stres-ve-anksiyete-yonetimi,Nöral Terapi ile Stres ve Anksiyete Yönetimi,2020-02-05,Tedavi Yöntemleri,noral-terapi,Nöral Terapi,genel-yazi,Ağrı; Depresyon / Anksiyete; Stres,,1549,1,Ağrı | Akupunktur | Anksiyete | Genel | Hastalıklarda Tedavi | Nöral Terapi,https://hayrusifa.com.tr/noral-terapi-ile-stres-ve-anksiyete-yonetimi/
noral-terapi-ile-vucudun-yeniden-dengelenmesi-nasil-calisir,Nöral Terapi ile Vücudun Yeniden Dengelenmesi: Nasıl Çalışır?,2024-09-27,Tedavi Yöntemleri,noral-terapi,Nöral Terapi,genel-yazi,,,1971,1,Hayru Şifa | Nöral Terapi,https://hayrusifa.com.tr/noral-terapi-ile-vucudun-yeniden-dengelenmesi-nasil-calisir/
noral-terapi-kimler-icin-uygundur-uzman-gorusleri,Nöral Terapi Kimler İçin Uygundur? Uzman Görüşleri,2024-10-17,Tedavi Yöntemleri,noral-terapi,Nöral Terapi,genel-yazi,,,1886,1,Hayru Şifa | Nöral Terapi,https://hayrusifa.com.tr/noral-terapi-kimler-icin-uygundur-uzman-gorusleri/
noral-terapi-ve-migren-tedavisi,Nöral Terapi ve Migren Tedavisi,2020-05-10,Tedavi Yöntemleri,noral-terapi,Nöral Terapi,genel-yazi,Ağrı; Depresyon / Anksiyete; Migren,,1661,1,Ağrı | Anksiyete | Genel | Hastalıklarda Tedavi | Migren | Nöral Terapi,https://hayrusifa.com.tr/noral-terapi-ve-migren-tedavisi/
noral-terapinin-cilt-hastaliklarina-etkisi,Nöral Terapinin Cilt Hastalıklarına Etkisi: Şaşırtıcı Sonuçlar,2024-09-27,Tedavi Yöntemleri,noral-terapi,Nöral Terapi,genel-yazi,Cilt,,1831,1,Hayru Şifa | Nöral Terapi,https://hayrusifa.com.tr/noral-terapinin-cilt-hastaliklarina-etkisi/
noral-terapinin-migren-tedavisindeki-yeri-ve-onemi,Nöral Terapinin Migren Tedavisindeki Yeri ve Önemi,2024-10-02,Tedavi Yöntemleri,noral-terapi,Nöral Terapi,genel-yazi,Migren,,1876,1,Hayru Şifa | Nöral Terapi,https://hayrusifa.com.tr/noral-terapinin-migren-tedavisindeki-yeri-ve-onemi/
umraniye-noral-terapi,Ümraniye Nöral Terapi,2024-07-28,Tedavi Yöntemleri,noral-terapi,Nöral Terapi,genel-yazi,,Ümraniye,2630,1,Genel | Hastalıklarda Tedavi | Nöral Terapi,https://hayrusifa.com.tr/umraniye-noral-terapi/
uskudar-noral-terapi,Üsküdar Nöral Terapi,2024-08-18,Tedavi Yöntemleri,noral-terapi,Nöral Terapi,genel-yazi,,Üsküdar,1386,1,Genel | Hastalıklarda Tedavi | Nöral Terapi | Üsküdar nöral terapi,https://hayrusifa.com.tr/uskudar-noral-terapi/
noral-terapi-nedir-hangi-durumlarda-tercih-edilmelidir,Nöral Terapi Nedir? Hangi Durumlarda Tercih Edilmelidir?,2024-10-17,Tedavi Yöntemleri,noral-terapi,Nöral Terapi,hangi-hastaliklar,,,1703,1,Hayru Şifa | Nöral Terapi,https://hayrusifa.com.tr/noral-terapi-nedir-hangi-durumlarda-tercih-edilmelidir/
noral-terapi-sonrasi-nelere-dikkat-edilmelidir-adim-adim-iyilesme-sureci,Nöral Terapi Sonrası Nelere Dikkat Edilmelidir? Adım Adım İyileşme Süreci,2024-10-17,Tedavi Yöntemleri,noral-terapi,Nöral Terapi,sonrasi-bakim,,,1582,1,Hayru Şifa | Nöral Terapi,https://hayrusifa.com.tr/noral-terapi-sonrasi-nelere-dikkat-edilmelidir-adim-adim-iyilesme-sureci/
noral-terapi-nasil-uygulanir,Nöral Terapi Nasıl Uygulanır? Adım Adım Tedavi Süreci,2019-01-01,Tedavi Yöntemleri,noral-terapi,Nöral Terapi,uygulama-surec,Ağrı,,1843,1,Ağrı | Genel | Hastalıklarda Tedavi | Nöral Terapi,https://hayrusifa.com.tr/noral-terapi-nasil-uygulanir/
noral-terapide-kullanilan-yontemler-ve-uygulama-teknikleri,Nöral Terapide Kullanılan Yöntemler ve Uygulama Teknikleri,2024-09-26,Tedavi Yöntemleri,noral-terapi,Nöral Terapi,uygulama-surec,,,2282,1,Hayru Şifa | Nöral Terapi,https://hayrusifa.com.tr/noral-terapide-kullanilan-yontemler-ve-uygulama-teknikleri/
noral-terapinin-yan-etkileri,Nöral Terapinin Yan Etkileri,2020-03-06,Tedavi Yöntemleri,noral-terapi,Nöral Terapi,yan-etkiler-riskler,Ağrı; Kronik Yorgunluk,,1601,1,Ağrı | Akupunktur | Genel | Hastalıklarda Tedavi | Kas Spazmı | Kronik Yorgunluk | Nöral Terapi,https://hayrusifa.com.tr/noral-terapinin-yan-etkileri/
noral-terapinin-yan-etkileri-2,Nöral Terapinin Yan Etkileri Nelerdir? Riskler ve Dikkat Edilmesi Gerekenler,2024-10-16,Tedavi Yöntemleri,noral-terapi,Nöral Terapi,yan-etkiler-riskler,,,1703,1,Hayru Şifa | Nöral Terapi,https://hayrusifa.com.tr/noral-terapinin-yan-etkileri-2/
ozon-tedavisinin-kanser-tedavisindeki-yeri-bilimsel-gercekler,Ozon Tedavisinin Kanser Tedavisindeki Yeri: Bilimsel Gerçekler,2024-09-20,Tedavi Yöntemleri,ozon-terapisi,Ozon Terapisi,bilimsel-tarihce,,,1377,1,Genel | Hayru Şifa | ozon tedavisi nedir | ozon terapisi hakkında,https://hayrusifa.com.tr/ozon-tedavisinin-kanser-tedavisindeki-yeri-bilimsel-gercekler/
ozon-terapisinin-bilimsel-temelleri,Ozon Terapisinin Bilimsel Temelleri,2020-12-20,Tedavi Yöntemleri,ozon-terapisi,Ozon Terapisi,bilimsel-tarihce,Kronik Hastalıklar,,1605,1,Genel | Hastalıklarda Tedavi | Kronik Hastalıklar | Ozon Terapisi,https://hayrusifa.com.tr/ozon-terapisinin-bilimsel-temelleri/
cilt-yenileme-ve-ozon-terapisi-saglikli-bir-cilt-icin-faydalari,Cilt Yenileme ve Ozon Terapisi: Sağlıklı Bir Cilt İçin Faydaları,2024-11-12,Tedavi Yöntemleri,ozon-terapisi,Ozon Terapisi,faydalari,Cilt,Üsküdar,960,1,Cilt | Hayru Şifa | ozon tedavisi faydaları | ozon terapi Üsküdar | Ozon Terapisi | Sağlık | Üsküdar ozon tedavisi | Üsküdar ozon tedavisi merkezleri | Üsküdar'da ozon terapisi,https://hayrusifa.com.tr/cilt-yenileme-ve-ozon-terapisi-saglikli-bir-cilt-icin-faydalari/
dolasim-bozukluklarinda-ozon-terapisinin-avantajlari,Dolaşım Bozukluklarında Ozon Terapisinin Avantajları,2025-02-16,Tedavi Yöntemleri,ozon-terapisi,Ozon Terapisi,faydalari,,Üsküdar,759,1,Genel | Hastalıklarda Tedavi | Hayru Şifa | ozon terapi avantajları | ozon terapi Üsküdar | Ozon Terapisi | ozon terapisi hakkında | Sağlık | Tedavi | Üsküdar ozon tedavisi | Üsküdar ozon tedavisi merkezleri | Üsküdar'da ozon tedavisi önerileri | Üsküdar'da ozon terapisi,https://hayrusifa.com.tr/dolasim-bozukluklarinda-ozon-terapisinin-avantajlari/
ozon-tedavisi-ile-anti-aging-yaslanma-karsiti-etkileri-nelerdir,Ozon Tedavisi ile Anti-Aging: Yaşlanma Karşıtı Etkileri Nelerdir?,2024-11-12,Tedavi Yöntemleri,ozon-terapisi,Ozon Terapisi,faydalari,,Üsküdar,966,1,Hayru Şifa | ozon tedavisi faydaları | Ozon Terapisi | Sağlık | Tedavi | Üsküdar ozon tedavisi merkezleri | Üsküdar'da ozon tedavisi önerileri | Üsküdar'da ozon terapisi,https://hayrusifa.com.tr/ozon-tedavisi-ile-anti-aging-yaslanma-karsiti-etkileri-nelerdir/
ozon-tedavisi-ile-cilt-genclestirme-mucizevi-etkileri,Ozon Tedavisi ile Cilt Gençleştirme: Mucizevi Etkileri,2024-09-26,Tedavi Yöntemleri,ozon-terapisi,Ozon Terapisi,faydalari,Cilt,,1902,1,Hayru Şifa | ozon tedavisi nedir,https://hayrusifa.com.tr/ozon-tedavisi-ile-cilt-genclestirme-mucizevi-etkileri/
ozon-tedavisinin-bagisiklik-sistemi-uzerindeki-etkileri,Ozon Tedavisinin Bağışıklık Sistemi Üzerindeki Etkileri,2024-10-17,Tedavi Yöntemleri,ozon-terapisi,Ozon Terapisi,faydalari,Bağışıklık,,1461,1,Hayru Şifa | ozon tedavisi nasıl yapılır | ozon tedavisi nedir,https://hayrusifa.com.tr/ozon-tedavisinin-bagisiklik-sistemi-uzerindeki-etkileri/
ozon-tedavisinin-bagisiklik-sistemine-faydalari-nelerdir,Ozon Tedavisinin Bağışıklık Sistemine Faydaları Nelerdir?,2024-12-26,Tedavi Yöntemleri,ozon-terapisi,Ozon Terapisi,faydalari,Bağışıklık,Üsküdar,642,1,Hayru Şifa | ozon tedavisi faydaları | ozon tedavisi fiyatları Üsküdar | ozon tedavisi kronik ağrı | ozon tedavisi nedir | ozon tedavisi yan etkileri,https://hayrusifa.com.tr/ozon-tedavisinin-bagisiklik-sistemine-faydalari-nelerdir/
ozon-tedavisinin-cilt-uzerindeki-mucizevi-etkileri,Ozon Tedavisinin Cilt Üzerindeki Mucizevi Etkileri,2024-12-02,Tedavi Yöntemleri,ozon-terapisi,Ozon Terapisi,faydalari,Cilt,Üsküdar,763,1,Hayru Şifa | ozon tedavisi faydaları | ozon terapi Üsküdar | Ozon Terapisi | Sağlık | Tedavi | Üsküdar ozon tedavisi | Üsküdar'da ozon terapisi,https://hayrusifa.com.tr/ozon-tedavisinin-cilt-uzerindeki-mucizevi-etkileri/
ozon-tedavisinin-enerji-artirici-etkileri-gunluk-yasamda-farki-hissedin,Ozon Tedavisinin Enerji Artırıcı Etkileri: Günlük Yaşamda Farkı Hissedin,2024-10-18,Tedavi Yöntemleri,ozon-terapisi,Ozon Terapisi,faydalari,,,1428,1,Hayru Şifa | ozon tedavisi faydaları,https://hayrusifa.com.tr/ozon-tedavisinin-enerji-artirici-etkileri-gunluk-yasamda-farki-hissedin/
ozon-tedavisinin-zindelik-ve-enerji-uzerindeki-etkileri,Ozon Tedavisinin Zindelik ve Enerji Üzerindeki Etkileri,2024-12-03,Tedavi Yöntemleri,ozon-terapisi,Ozon Terapisi,faydalari,,Üsküdar,493,1,Genel | Hastalıklarda Tedavi | Hayru Şifa | ozon tedavisi faydaları | ozon terapi avantajları | ozon terapi Üsküdar | Ozon Terapisi | Sağlık | Tedavi | Üsküdar ozon tedavisi | Üsküdar'da ozon terapisi,https://hayrusifa.com.tr/ozon-tedavisinin-zindelik-ve-enerji-uzerindeki-etkileri/
ozon-terapi-ile-bagisiklik-sisteminizi-guclendirin-5-temel-faydasi,Ozon Terapi ile Bağışıklık Sisteminizi Güçlendirin: 5 Temel Faydası,2024-09-20,Tedavi Yöntemleri,ozon-terapisi,Ozon Terapisi,faydalari,Bağışıklık,,1325,1,Hayru Şifa | ozon tedavisi faydaları | ozon terapisi hakkında,https://hayrusifa.com.tr/ozon-terapi-ile-bagisiklik-sisteminizi-guclendirin-5-temel-faydasi/
ozon-terapi-nedir-saglik-icin-faydalari-ve-uygulama-yontemleri,Ozon Terapi Nedir? Sağlık İçin Faydaları ve Uygulama Yöntemleri,2024-09-26,Tedavi Yöntemleri,ozon-terapisi,Ozon Terapisi,faydalari,,,2377,1,Hayru Şifa | ozon tedavisi nedir | Ozon Terapisi,https://hayrusifa.com.tr/ozon-terapi-nedir-saglik-icin-faydalari-ve-uygulama-yontemleri/
ozon-terapinin-cilt-uzerindeki-etkileri-genclesmenin-sirri,Ozon Terapinin Cilt Üzerindeki Etkileri: Gençleşmenin Sırrı,2024-10-16,Tedavi Yöntemleri,ozon-terapisi,Ozon Terapisi,faydalari,Cilt,,1668,1,Hayru Şifa | Ozon Terapisi,https://hayrusifa.com.tr/ozon-terapinin-cilt-uzerindeki-etkileri-genclesmenin-sirri/
ozon-terapisi-ile-kan-dolasimini-duzenlemek-damar-sagliginizi-destekleyin,Ozon Terapisi ile Kan Dolaşımını Düzenlemek: Damar Sağlığınızı Destekleyin,2024-11-05,Tedavi Yöntemleri,ozon-terapisi,Ozon Terapisi,faydalari,Kalp / Dolaşım,Üsküdar,1182,1,Hayru Şifa | ozon tedavisi faydaları | ozon tedavisi nedir | ozon tedavisi yan etkileri | ozon terapi avantajları | ozon terapi Üsküdar | Ozon Terapisi | ozon terapisi ile bağışıklık güçlendirme | Üsküdar ozon tedavisi | Üsküdar'da ozon terapisi,https://hayrusifa.com.tr/ozon-terapisi-ile-kan-dolasimini-duzenlemek-damar-sagliginizi-destekleyin/
ozon-terapisi-nedir-faydalari-ve-etki-mekanizmasi,Ozon Terapisi Nedir? Faydaları ve Etki Mekanizması,2020-10-05,Tedavi Yöntemleri,ozon-terapisi,Ozon Terapisi,faydalari,Cilt,,1833,1,Cilt | Genel | Hastalıklarda Tedavi | Ozon Terapisi,https://hayrusifa.com.tr/ozon-terapisi-nedir-faydalari-ve-etki-mekanizmasi/
ozonun-kas-ve-eklem-agrilari-uzerindeki-etkileri,Ozonun Kas ve Eklem Ağrıları Üzerindeki Etkileri,2025-01-13,Tedavi Yöntemleri,ozon-terapisi,Ozon Terapisi,faydalari,Ağrı,Üsküdar,735,1,ozon tedavisi faydaları | ozon tedavisi fiyatları Üsküdar | ozon tedavisi nasıl yapılır | ozon tedavisi nedir | Ozon Terapisi | ozon terapisi hakkında | Sağlık,https://hayrusifa.com.tr/ozonun-kas-ve-eklem-agrilari-uzerindeki-etkileri/
sporcular-icin-ozon-tedavisinin-performansa-katkilari,Sporcular İçin Ozon Tedavisinin Performansa Katkıları,2025-01-18,Tedavi Yöntemleri,ozon-terapisi,Ozon Terapisi,faydalari,Spor Yaralanmaları,Üsküdar,642,1,Hayru Şifa | Sağlık | Tedavi | Üsküdar ozon tedavisi | Üsküdar ozon tedavisi merkezleri | Üsküdar'da ozon tedavisi önerileri | Üsküdar'da ozon terapisi,https://hayrusifa.com.tr/sporcular-icin-ozon-tedavisinin-performansa-katkilari/
bagisiklik-sistemini-guclendirmede-ozon-tedavisinin-rolu,Bağışıklık Sistemini Güçlendirmede Ozon Tedavisinin Rolü,2024-11-05,Tedavi Yöntemleri,ozon-terapisi,Ozon Terapisi,genel-yazi,Bağışıklık,Üsküdar,1033,1,Hayru Şifa | ozon tedavisi faydaları | ozon tedavisi fiyatları Üsküdar | ozon tedavisi nasıl yapılır | ozon tedavisi nedir | ozon tedavisi yan etkileri | Sağlık | Üsküdar ozon tedavisi | Üsküdar ozon tedavisi merkezleri,https://hayrusifa.com.tr/bagisiklik-sistemini-guclendirmede-ozon-tedavisinin-rolu/
diyabetli-hastalar-icin-ozon-tedavisi-yaralarin-hizli-iyilesmesine-yardimci-olur-mu,Diyabetli Hastalar İçin Ozon Tedavisi: Yaraların Hızlı İyileşmesine Yardımcı Olur mu?,2024-11-11,Tedavi Yöntemleri,ozon-terapisi,Ozon Terapisi,genel-yazi,Diyabet,Üsküdar,967,1,Hayru Şifa | ozon tedavisi faydaları | ozon terapi Üsküdar | Ozon Terapisi | Sağlık | Üsküdar ozon tedavisi | Üsküdar'da ozon terapisi,https://hayrusifa.com.tr/diyabetli-hastalar-icin-ozon-tedavisi-yaralarin-hizli-iyilesmesine-yardimci-olur-mu/
kanser-tedavisinde-ozonun-tamamlayici-rolu,Kanser Tedavisinde Ozonun Tamamlayıcı Rolü,2025-01-29,Tedavi Yöntemleri,ozon-terapisi,Ozon Terapisi,genel-yazi,,Üsküdar,577,1,Genel | Hastalıklarda Tedavi | Hayru Şifa | ozon tedavisi faydaları | ozon tedavisi nasıl yapılır | ozon tedavisi nedir | Sağlık | Tedavi | Üsküdar ozon tedavisi | Üsküdar ozon tedavisi merkezleri,https://hayrusifa.com.tr/kanser-tedavisinde-ozonun-tamamlayici-rolu/
kronik-yorgunluk-icin-ozon-terapisi-enerji-seviyenizi-artirin,Kronik Yorgunluk İçin Ozon Terapisi: Enerji Seviyenizi Artırın,2024-11-11,Tedavi Yöntemleri,ozon-terapisi,Ozon Terapisi,genel-yazi,Kronik Yorgunluk,Üsküdar,1076,1,Kronik Yorgunluk | ozon tedavisi faydaları | Ozon Terapisi | Üsküdar ozon tedavisi | Üsküdar ozon tedavisi merkezleri | Üsküdar'da ozon tedavisi önerileri | Üsküdar'da ozon terapisi,https://hayrusifa.com.tr/kronik-yorgunluk-icin-ozon-terapisi-enerji-seviyenizi-artirin/
migren-ve-bas-agrilari-icin-ozon-tedavisi,Migren ve Baş Ağrıları İçin Ozon Tedavisi,2025-02-22,Tedavi Yöntemleri,ozon-terapisi,Ozon Terapisi,genel-yazi,Ağrı; Migren,Üsküdar,707,1,Genel | Hastalıklarda Tedavi | Hayru Şifa | Migren | ozon tedavisi faydaları | ozon terapi avantajları | ozon terapi Üsküdar | Ozon Terapisi | Sağlık | Tedavi | Üsküdar ozon terapisi doktorları,https://hayrusifa.com.tr/migren-ve-bas-agrilari-icin-ozon-tedavisi/
ozon-tedavisi,Ozon Tedavisi,2020-12-26,Tedavi Yöntemleri,ozon-terapisi,Ozon Terapisi,genel-yazi,Cilt,,1968,1,Cilt | Genel | Mezoterapi | Ozon Terapisi,https://hayrusifa.com.tr/ozon-tedavisi/
ozon-tedavisi-ile-anti-aging-cilt-sagliginda-yeni-bir-donem,Ozon Tedavisi İle Anti-Aging: Cilt Sağlığında Yeni Bir Dönem,2025-01-07,Tedavi Yöntemleri,ozon-terapisi,Ozon Terapisi,genel-yazi,Cilt,Üsküdar,713,1,ozon tedavisi faydaları | ozon tedavisi fiyatları Üsküdar | ozon tedavisi nedir | ozon tedavisi yan etkileri,https://hayrusifa.com.tr/ozon-tedavisi-ile-anti-aging-cilt-sagliginda-yeni-bir-donem/
ozon-tedavisi-ile-bagisiklik-sistemini-guclendirme-yollari,Ozon Tedavisi ile Bağışıklık Sistemini Güçlendirme Yolları,2021-01-05,Tedavi Yöntemleri,ozon-terapisi,Ozon Terapisi,genel-yazi,Ağrı; Bağışıklık; Cilt,,1991,1,Ağrı | Cilt | Genel | Hastalıklarda Tedavi | Ozon Terapisi,https://hayrusifa.com.tr/ozon-tedavisi-ile-bagisiklik-sistemini-guclendirme-yollari/
ozon-tedavisi-ile-bagisiklik-sisteminizi-guclendirin,Ozon Tedavisi ile Bağışıklık Sisteminizi Güçlendirin,2024-11-28,Tedavi Yöntemleri,ozon-terapisi,Ozon Terapisi,genel-yazi,Bağışıklık,Üsküdar,794,1,Hayru Şifa | ozon tedavisi faydaları | ozon tedavisi nasıl yapılır | ozon tedavisi nedir | ozon terapi Üsküdar | Ozon Terapisi | Sağlık | Üsküdar ozon tedavisi | Üsküdar ozon tedavisi merkezleri | Üsküdar'da ozon tedavisi önerileri | Üsküdar'da ozon terapisi,https://hayrusifa.com.tr/ozon-tedavisi-ile-bagisiklik-sisteminizi-guclendirin/
ozon-tedavisi-ile-hucre-yenilenmesi-nasil-saglanir,Ozon Tedavisi ile Hücre Yenilenmesi Nasıl Sağlanır?,2024-11-26,Tedavi Yöntemleri,ozon-terapisi,Ozon Terapisi,genel-yazi,,Üsküdar,766,1,Hayru Şifa | ozon tedavisi nasıl yapılır | ozon tedavisi nedir | ozon tedavisi yan etkileri | Ozon Terapisi | Sağlık | Tedavi | Üsküdar ozon tedavisi | Üsküdar ozon tedavisi merkezleri,https://hayrusifa.com.tr/ozon-tedavisi-ile-hucre-yenilenmesi-nasil-saglanir/
ozon-tedavisi-ile-kronik-yorgunluktan-kurtulmanin-yollari,Ozon Tedavisi ile Kronik Yorgunluktan Kurtulmanın Yolları,2024-12-20,Tedavi Yöntemleri,ozon-terapisi,Ozon Terapisi,genel-yazi,Kronik Yorgunluk,Üsküdar,797,1,ozon tedavisi faydaları | ozon tedavisi fiyatları Üsküdar | ozon tedavisi nedir | ozon tedavisi yan etkileri | Sağlık,https://hayrusifa.com.tr/ozon-tedavisi-ile-kronik-yorgunluktan-kurtulmanin-yollari/
ozon-tedavisi-ile-romatizma-ve-eklem-agrilarini-azaltmak-mumkun-mu,Ozon Tedavisi ile Romatizma ve Eklem Ağrılarını Azaltmak Mümkün mü?,2024-11-12,Tedavi Yöntemleri,ozon-terapisi,Ozon Terapisi,genel-yazi,Ağrı; Romatizma / Eklem,Üsküdar,1032,1,Hayru Şifa | Sağlık | Tedavi | Üsküdar ozon tedavisi | Üsküdar'da ozon terapisi,https://hayrusifa.com.tr/ozon-tedavisi-ile-romatizma-ve-eklem-agrilarini-azaltmak-mumkun-mu/
ozon-tedavisi-ile-saglikli-yasamin-sirlarini-kesfedin,Ozon Tedavisi ile Sağlıklı Yaşamın Sırlarını Keşfedin,2024-12-03,Tedavi Yöntemleri,ozon-terapisi,Ozon Terapisi,genel-yazi,,Üsküdar,500,1,Genel | Hayru Şifa | ozon tedavisi faydaları | ozon tedavisi nasıl yapılır | ozon tedavisi nedir | ozon tedavisi yan etkileri | ozon terapi avantajları | Ozon Terapisi | Sağlık | Tedavi | Üsküdar ozon tedavisi | Üsküdar'da ozon tedavisi önerileri | Üsküdar'da ozon terapisi,https://hayrusifa.com.tr/ozon-tedavisi-ile-saglikli-yasamin-sirlarini-kesfedin/
ozon-tedavisi-ile-sindirim-sistemi-sorunlarina-cozum,Ozon Tedavisi ile Sindirim Sistemi Sorunlarına Çözüm,2025-02-04,Tedavi Yöntemleri,ozon-terapisi,Ozon Terapisi,genel-yazi,Sindirim,Üsküdar,613,1,Genel | Hastalıklarda Tedavi | Hayru Şifa | ozon tedavisi faydaları | ozon tedavisi nasıl yapılır | ozon tedavisi nedir | ozon tedavisi yan etkileri | Sağlık | Tedavi | Üsküdar ozon tedavisi | Üsküdar ozon tedavisi merkezleri | Üsküdar'da ozon tedavisi önerileri,https://hayrusifa.com.tr/ozon-tedavisi-ile-sindirim-sistemi-sorunlarina-cozum/
ozon-tedavisi-ile-yaslanmayi-geciktirin-dogal-cozumler,Ozon Tedavisi İle Yaşlanmayı Geciktirin: Doğal Çözümler,2025-03-12,Tedavi Yöntemleri,ozon-terapisi,Ozon Terapisi,genel-yazi,,Üsküdar,874,1,Genel | Hastalıklarda Tedavi | Hayru Şifa | ozon tedavisi nedir | ozon tedavisi yan etkileri | ozon terapi avantajları | ozon terapi Üsküdar | Ozon Terapisi | Sağlık | Tedavi | Üsküdar ozon tedavisi | Üsküdar ozon tedavisi merkezleri | Üsküdar ozon terapisi doktorları | Üsküdar'da ozon tedavisi yapan yerler | Üsküdar'da ozon terapisi,https://hayrusifa.com.tr/ozon-tedavisi-ile-yaslanmayi-geciktirin-dogal-cozumler/
ozon-tedavisi-ile-yorgunlugu-giderme-yollari,Ozon Tedavisi ile Yorgunluğu Giderme Yolları,2024-12-05,Tedavi Yöntemleri,ozon-terapisi,Ozon Terapisi,genel-yazi,,Üsküdar,697,1,Hayru Şifa | ozon tedavisi faydaları | ozon tedavisi nedir | ozon terapi Üsküdar | Ozon Terapisi | Üsküdar'da ozon terapisi,https://hayrusifa.com.tr/ozon-tedavisi-ile-yorgunlugu-giderme-yollari/
ozon-tedavisi-ve-akupunktur-stresi-azaltmanin-yollari,Ozon Tedavisi ve Akupunktur: Stresi Azaltmanın Yolları,2024-12-02,Tedavi Yöntemleri,ozon-terapisi,Ozon Terapisi,genel-yazi,Stres,Üsküdar,644,1,Akupunktur | akupunktur Üsküdar | Hayru Şifa | ozon terapi Üsküdar | Ozon Terapisi | Sağlık | Tedavi | Üsküdar Akupunktur | Üsküdar akupunktur tedavi süreci | Üsküdar'da ozon tedavisi önerileri | Üsküdar'da ozon terapisi,https://hayrusifa.com.tr/ozon-tedavisi-ve-akupunktur-stresi-azaltmanin-yollari/
ozon-tedavisi-ve-detoks-vucudunuzu-toksinlerden-arindirin,Ozon Tedavisi ve Detoks: Vücudunuzu Toksinlerden Arındırın,2025-01-01,Tedavi Yöntemleri,ozon-terapisi,Ozon Terapisi,genel-yazi,Detoks,Üsküdar,711,1,ozon tedavisi faydaları | ozon tedavisi fiyatları Üsküdar | ozon tedavisi nasıl yapılır | ozon tedavisi nedir | ozon tedavisi yan etkileri,https://hayrusifa.com.tr/ozon-tedavisi-ve-detoks-vucudunuzu-toksinlerden-arindirin/
ozon-tedavisi-zayiflatir-mi,Ozon Tedavisi Zayıflatır Mı?,2024-09-04,Tedavi Yöntemleri,ozon-terapisi,Ozon Terapisi,genel-yazi,Obezite / Zayıflama,,2167,1,Genel | Hastalıklarda Tedavi | Ozon Terapisi,https://hayrusifa.com.tr/ozon-tedavisi-zayiflatir-mi/
ozon-tedavisinin-antioksidan-etkisi-ile-tanisin,Ozon Tedavisinin Antioksidan Etkisi ile Tanışın,2024-12-03,Tedavi Yöntemleri,ozon-terapisi,Ozon Terapisi,genel-yazi,,Üsküdar,474,1,Genel | Hayru Şifa | ozon tedavisi faydaları | Sağlık | Tedavi | Üsküdar ozon tedavisi | Üsküdar'da ozon terapisi,https://hayrusifa.com.tr/ozon-tedavisinin-antioksidan-etkisi-ile-tanisin/
ozon-tedavisinin-oksijen-terapisi-ile-farklari,Ozon Tedavisinin Oksijen Terapisi ile Farkları,2025-01-23,Tedavi Yöntemleri,ozon-terapisi,Ozon Terapisi,genel-yazi,,Üsküdar,607,1,Genel | Hastalıklarda Tedavi | Hayru Şifa | ozon tedavisi faydaları | ozon tedavisi nasıl yapılır | ozon tedavisi nedir | Sağlık | Tedavi | Üsküdar ozon tedavisi | Üsküdar'da ozon tedavisi önerileri,https://hayrusifa.com.tr/ozon-tedavisinin-oksijen-terapisi-ile-farklari/
ozon-tedavisinin-zayiflama-surecine-etkisi-gercekten-ise-yariyor-mu,Ozon Tedavisinin Zayıflama Sürecine Etkisi: Gerçekten İşe Yarıyor mu?,2024-10-16,Tedavi Yöntemleri,ozon-terapisi,Ozon Terapisi,genel-yazi,Obezite / Zayıflama,,1796,1,Hayru Şifa | ozon tedavisi faydaları | Ozon Terapisi,https://hayrusifa.com.tr/ozon-tedavisinin-zayiflama-surecine-etkisi-gercekten-ise-yariyor-mu/
ozon-tedavisinin-zayiflamaya-etkisi-metabolizmayi-hizlandirma-yontemleri,Ozon Tedavisinin Zayıflamaya Etkisi: Metabolizmayı Hızlandırma Yöntemleri,2024-11-11,Tedavi Yöntemleri,ozon-terapisi,Ozon Terapisi,genel-yazi,Obezite / Zayıflama,Üsküdar,992,1,Hayru Şifa | ozon tedavisi faydaları | ozon terapi Üsküdar | Ozon Terapisi | Üsküdar ozon tedavisi | Üsküdar ozon tedavisi merkezleri | Üsküdar'da ozon terapisi,https://hayrusifa.com.tr/ozon-tedavisinin-zayiflamaya-etkisi-metabolizmayi-hizlandirma-yontemleri/
ozon-terapi-ile-enerji-seviyenizi-artirmanin-yollari,Ozon Terapi ile Enerji Seviyenizi Artırmanın Yolları,2024-09-27,Tedavi Yöntemleri,ozon-terapisi,Ozon Terapisi,genel-yazi,,,1341,1,Hayru Şifa | ozon tedavisi faydaları | ozon tedavisi nedir | ozon terapi avantajları | Ozon Terapisi | ozon terapisi hakkında,https://hayrusifa.com.tr/ozon-terapi-ile-enerji-seviyenizi-artirmanin-yollari/
ozon-terapi-kimler-icin-uygundur-uzman-gorusleri,Ozon Terapi Kimler İçin Uygundur? Uzman Görüşleri,2024-10-18,Tedavi Yöntemleri,ozon-terapisi,Ozon Terapisi,genel-yazi,,,1372,1,Hayru Şifa | Ozon Terapisi,https://hayrusifa.com.tr/ozon-terapi-kimler-icin-uygundur-uzman-gorusleri/
ozon-terapi-ve-cilt-sagligi-genc-ve-parlak-bir-cilt-icin,Ozon Terapi ve Cilt Sağlığı: Genç ve Parlak Bir Cilt İçin,2020-11-15,Tedavi Yöntemleri,ozon-terapisi,Ozon Terapisi,genel-yazi,Cilt,,1401,1,Cilt | Genel | Mezoterapi | Ozon Terapisi,https://hayrusifa.com.tr/ozon-terapi-ve-cilt-sagligi-genc-ve-parlak-bir-cilt-icin/
ozon-terapi-ve-detoks-vucudu-arindirmanin-dogal-yolu,Ozon Terapi ve Detoks: Vücudu Arındırmanın Doğal Yolu,2024-10-17,Tedavi Yöntemleri,ozon-terapisi,Ozon Terapisi,genel-yazi,Detoks,,1674,1,Hayru Şifa | Ozon Terapisi | ozon terapisi hakkında,https://hayrusifa.com.tr/ozon-terapi-ve-detoks-vucudu-arindirmanin-dogal-yolu/
ozon-terapinin-kanser-tedavisindeki-yeri-ve-onemi,Ozon Terapinin Kanser Tedavisindeki Yeri ve Önemi,2024-10-18,Tedavi Yöntemleri,ozon-terapisi,Ozon Terapisi,genel-yazi,,,1767,1,Hayru Şifa | Ozon Terapisi,https://hayrusifa.com.tr/ozon-terapinin-kanser-tedavisindeki-yeri-ve-onemi/
ozon-terapisi-ile-bagisiklik-sisteminin-guclendirilmesi,Ozon Terapisi ile Bağışıklık Sisteminin Güçlendirilmesi,2020-12-10,Tedavi Yöntemleri,ozon-terapisi,Ozon Terapisi,genel-yazi,Bağışıklık; Cilt; Kronik Hastalıklar,,2046,1,Akupunktur | Cilt | Genel | Hastalıklarda Tedavi | Kronik Hastalıklar | Ozon Terapisi,https://hayrusifa.com.tr/ozon-terapisi-ile-bagisiklik-sisteminin-guclendirilmesi/
ozon-terapisi-ile-detoks-vucudunuzu-arindirin,Ozon Terapisi ile Detoks: Vücudunuzu Arındırın,2020-12-05,Tedavi Yöntemleri,ozon-terapisi,Ozon Terapisi,genel-yazi,Cilt; Detoks; Karaciğer,,1595,1,Cilt | Genel | Hastalıklarda Tedavi | Karaciğer Sorunları | Ozon Terapisi,https://hayrusifa.com.tr/ozon-terapisi-ile-detoks-vucudunuzu-arindirin/
ozon-terapisi-ile-kronik-hastaliklarda-iyilesme-saglayin,Ozon Terapisi ile Kronik Hastalıklarda İyileşme Sağlayın,2024-12-03,Tedavi Yöntemleri,ozon-terapisi,Ozon Terapisi,genel-yazi,Kronik Hastalıklar,Üsküdar,672,1,Hayru Şifa | Kronik Hastalıklar | ozon tedavisi faydaları | ozon tedavisi kronik ağrı | Ozon Terapisi | Sağlık | Üsküdar'da ozon terapisi,https://hayrusifa.com.tr/ozon-terapisi-ile-kronik-hastaliklarda-iyilesme-saglayin/
ozon-terapisi-ile-kronik-hastaliklarin-yonetimi,Ozon Terapisi ile Kronik Hastalıkların Yönetimi,2020-11-25,Tedavi Yöntemleri,ozon-terapisi,Ozon Terapisi,genel-yazi,Diyabet; Kronik Hastalıklar,,1367,1,Diyabet | Genel | Hastalıklarda Tedavi | Kronik Hastalıklar,https://hayrusifa.com.tr/ozon-terapisi-ile-kronik-hastaliklarin-yonetimi/
ozon-terapisi-ve-enerji-seviyeleri-yorgunluga-karsi-dogal-cozum,Ozon Terapisi ve Enerji Seviyeleri: Yorgunluğa Karşı Doğal Çözüm,2020-12-20,Tedavi Yöntemleri,ozon-terapisi,Ozon Terapisi,genel-yazi,Cilt; Kronik Hastalıklar,,1513,1,Cilt | Genel | Hastalıklarda Tedavi | Kronik Hastalıklar | Ozon Terapisi,https://hayrusifa.com.tr/ozon-terapisi-ve-enerji-seviyeleri-yorgunluga-karsi-dogal-cozum/
ozon-terapisi-ve-prp-tedavisi-ile-yaslanmayi-yavaslatma,Ozon Terapisi ve PRP Tedavisi ile Yaşlanmayı Yavaşlatma,2024-12-02,Tedavi Yöntemleri,ozon-terapisi,Ozon Terapisi,genel-yazi,,Üsküdar; Ümraniye,671,1,Hayru Şifa | Mezoterapi | Ozon Terapisi | PRP Uygulaması | Sağlık | Tedavi | Ümraniye PRP Tedavisi | Üsküdar PRP Tedavisi,https://hayrusifa.com.tr/ozon-terapisi-ve-prp-tedavisi-ile-yaslanmayi-yavaslatma/
ozon-terapisinin-anti-aging-yontemlerindeki-yeri,Ozon Terapisinin Anti-Aging Yöntemlerindeki Yeri,2024-11-29,Tedavi Yöntemleri,ozon-terapisi,Ozon Terapisi,genel-yazi,,Üsküdar,797,1,Hayru Şifa | ozon tedavisi faydaları | ozon tedavisi yan etkileri | ozon terapi Üsküdar | Ozon Terapisi | Sağlık | Üsküdar ozon tedavisi | Üsküdar ozon tedavisi merkezleri | Üsküdar'da ozon terapisi,https://hayrusifa.com.tr/ozon-terapisinin-anti-aging-yontemlerindeki-yeri/
ozon-ve-akupunktur-saglikli-yasamin-anahtari,Ozon ve Akupunktur: Sağlıklı Yaşamın Anahtarı,2024-12-03,Tedavi Yöntemleri,ozon-terapisi,Ozon Terapisi,genel-yazi,,Üsküdar,599,1,Akupunktur | akupunktur faydaları Üsküdar | akupunktur Üsküdar | akupunktur uygulamaları Üsküdar | Hayru Şifa | ozon tedavisi faydaları | ozon terapi avantajları | ozon terapi Üsküdar | Ozon Terapisi | Tedavi | Üsküdar Akupunktur | Üsküdar akupunktur tedavi süreci | Üsküdar ozon tedavisi | Üsküdar'da ozon tedavisi önerileri | Üsküdar'da ozon terapisi,https://hayrusifa.com.tr/ozon-ve-akupunktur-saglikli-yasamin-anahtari/
sporcular-icin-ozon-terapisi-performans-artirmanin-dogal-yolu,Sporcular İçin Ozon Terapisi: Performans Artırmanın Doğal Yolu,2024-11-12,Tedavi Yöntemleri,ozon-terapisi,Ozon Terapisi,genel-yazi,Spor Yaralanmaları,Üsküdar,1062,1,Hayru Şifa | Sağlık | Tedavi | Üsküdar ozon tedavisi | Üsküdar'da ozon tedavisi önerileri | Üsküdar'da ozon terapisi,https://hayrusifa.com.tr/sporcular-icin-ozon-terapisi-performans-artirmanin-dogal-yolu/
uskudar-ozon-terapi,Üsküdar Ozon Terapi,2024-08-18,Tedavi Yöntemleri,ozon-terapisi,Ozon Terapisi,genel-yazi,,Üsküdar,1877,1,Genel | Hastalıklarda Tedavi | Ozon Terapisi | Üsküdar ozon tedavisi,https://hayrusifa.com.tr/uskudar-ozon-terapi/
hangi-saglik-sorunlarinda-ozon-tedavisi-uygulanabilir,Hangi Sağlık Sorunlarında Ozon Tedavisi Uygulanabilir?,2025-03-06,Tedavi Yöntemleri,ozon-terapisi,Ozon Terapisi,hangi-hastaliklar,,Üsküdar,870,1,Genel | Hastalıklarda Tedavi | Hayru Şifa | ozon tedavisi faydaları | ozon tedavisi nasıl yapılır | ozon tedavisi nedir | ozon tedavisi yan etkileri | ozon terapi avantajları | ozon terapi Üsküdar | Ozon Terapisi | ozon terapisi hakkında | Sağlık | Tedavi,https://hayrusifa.com.tr/hangi-saglik-sorunlarinda-ozon-tedavisi-uygulanabilir/
ozon-tedavisi-hangi-rahatsizliklar-icin-uygundur,Ozon Tedavisi Hangi Rahatsızlıklar İçin Uygundur?,2024-12-01,Tedavi Yöntemleri,ozon-terapisi,Ozon Terapisi,hangi-hastaliklar,,Üsküdar,711,1,ozon tedavisi faydaları | ozon tedavisi nedir | ozon tedavisi yan etkileri | ozon terapi avantajları | Sağlık | Üsküdar'da ozon terapisi,https://hayrusifa.com.tr/ozon-tedavisi-hangi-rahatsizliklar-icin-uygundur/
ozon-terapi-hangi-hastaliklara-iyi-gelir-sasirtici-sonuclar,Ozon Terapi Hangi Hastalıklara İyi Gelir? Şaşırtıcı Sonuçlar,2024-09-27,Tedavi Yöntemleri,ozon-terapisi,Ozon Terapisi,hangi-hastaliklar,,,1525,1,Hayru Şifa | ozon terapi avantajları | Ozon Terapisi,https://hayrusifa.com.tr/ozon-terapi-hangi-hastaliklara-iyi-gelir-sasirtici-sonuclar/
ozon-terapisinin-tarihi-ve-gecmisten-gunumuze-uygulama-alanlari,Ozon Terapisinin Tarihi: Geçmişten Günümüze Uygulama Alanları,2020-07-15,Tedavi Yöntemleri,ozon-terapisi,Ozon Terapisi,hangi-hastaliklar,Cilt; Kronik Hastalıklar,,1745,1,Cilt | Genel | Hastalıklarda Tedavi | Kronik Hastalıklar | Ozon Terapisi,https://hayrusifa.com.tr/ozon-terapisinin-tarihi-ve-gecmisten-gunumuze-uygulama-alanlari/
ozon-tedavisi-nedir-kanser-tedavisinde-nasil-kullanilir,Ozon Tedavisi Nedir? Kanser Tedavisinde Nasıl Kullanılır?,2024-11-05,Tedavi Yöntemleri,ozon-terapisi,Ozon Terapisi,nedir-genel,,Üsküdar,1272,1,Hayru Şifa | ozon tedavisi nedir | ozon terapi Üsküdar | Ozon Terapisi | ozon terapisi hakkında | Üsküdar ozon tedavisi merkezleri | Üsküdar'da ozon tedavisi önerileri | Üsküdar'da ozon terapisi,https://hayrusifa.com.tr/ozon-tedavisi-nedir-kanser-tedavisinde-nasil-kullanilir/
ozon-tedavisi-sonrasi-nelere-dikkat-edilmelidir,Ozon Tedavisi Sonrası Nelere Dikkat Edilmelidir?,2024-09-20,Tedavi Yöntemleri,ozon-terapisi,Ozon Terapisi,sonrasi-bakim,,,1291,1,Hayru Şifa | ozon tedavisi faydaları | Ozon Terapisi | ozon terapisi hakkında,https://hayrusifa.com.tr/ozon-tedavisi-sonrasi-nelere-dikkat-edilmelidir/
ozon-terapi-sonrasi-nelere-dikkat-edilmelidir-uzman-tavsiyeleri,Ozon Terapi Sonrası Nelere Dikkat Edilmelidir? Uzman Tavsiyeleri,2024-10-17,Tedavi Yöntemleri,ozon-terapisi,Ozon Terapisi,sonrasi-bakim,,,1589,1,Hayru Şifa | Ozon Terapisi,https://hayrusifa.com.tr/ozon-terapi-sonrasi-nelere-dikkat-edilmelidir-uzman-tavsiyeleri/
ozon-tedavisi-nasil-uygulanir-adim-adim-rehber,Ozon Tedavisi Nasıl Uygulanır? Adım Adım Rehber,2021-01-05,Tedavi Yöntemleri,ozon-terapisi,Ozon Terapisi,uygulama-surec,Ağrı; Cilt,,1569,1,Ağrı | Cilt | Genel | Kas Spazmı | Ozon Terapisi,https://hayrusifa.com.tr/ozon-tedavisi-nasil-uygulanir-adim-adim-rehber/
ozon-tedavisi-nasil-uygulanir-adim-adim-tedavi-sureci,Ozon Tedavisi Nasıl Uygulanır? Adım Adım Tedavi Süreci,2020-12-15,Tedavi Yöntemleri,ozon-terapisi,Ozon Terapisi,uygulama-surec,Ağrı; Cilt; Diyabet; Kronik Yorgunluk,,2388,1,Cilt | Diyabet | Genel | Hastalıklarda Tedavi | Kas Spazmı | Kronik Yorgunluk,https://hayrusifa.com.tr/ozon-tedavisi-nasil-uygulanir-adim-adim-tedavi-sureci/
ozon-tedavisi-nasil-uygulanir-asamalari-ve-surecler,Ozon Tedavisi Nasıl Uygulanır? Aşamaları ve Süreçler,2024-10-17,Tedavi Yöntemleri,ozon-terapisi,Ozon Terapisi,uygulama-surec,,,1874,1,Hayru Şifa | ozon tedavisi nedir,https://hayrusifa.com.tr/ozon-tedavisi-nasil-uygulanir-asamalari-ve-surecler/
ozon-tedavisinde-kullanilan-yontemler-hangi-teknik-daha-etkili,Ozon Tedavisinde Kullanılan Yöntemler: Hangi Teknik Daha Etkili?,2025-02-10,Tedavi Yöntemleri,ozon-terapisi,Ozon Terapisi,uygulama-surec,,Üsküdar,778,1,Genel | Hastalıklarda Tedavi | Hayru Şifa | ozon tedavisi faydaları | ozon tedavisi nasıl yapılır | ozon tedavisi nedir | Sağlık | Tedavi | Üsküdar ozon tedavisi | Üsküdar ozon tedavisi merkezleri,https://hayrusifa.com.tr/ozon-tedavisinde-kullanilan-yontemler-hangi-teknik-daha-etkili/
ozon-tedavisi-kimler-icin-uygun-degildir,Ozon Tedavisi Kimler İçin Uygun Değildir? Riskler ve Faydalar,2024-10-16,Tedavi Yöntemleri,ozon-terapisi,Ozon Terapisi,yan-etkiler-riskler,,,1695,1,Genel,https://hayrusifa.com.tr/ozon-tedavisi-kimler-icin-uygun-degildir/
ozon-tedavisi-kimler-icin-uygun-degildir-riskler-ve-faydalar,Ozon Tedavisi Kimler İçin Uygun Değildir? Riskler ve Faydalar,2024-10-18,Tedavi Yöntemleri,ozon-terapisi,Ozon Terapisi,yan-etkiler-riskler,,,1404,1,Hayru Şifa | ozon tedavisi faydaları | ozon tedavisi nasıl yapılır | ozon tedavisi nedir | ozon tedavisi yan etkileri,https://hayrusifa.com.tr/ozon-tedavisi-kimler-icin-uygun-degildir-riskler-ve-faydalar/
ozon-tedavisinde-guvenlik-ve-yan-etkiler-bilmeniz-gerekenler,Ozon Tedavisinde Güvenlik ve Yan Etkiler: Bilmeniz Gerekenler,2025-02-28,Tedavi Yöntemleri,ozon-terapisi,Ozon Terapisi,yan-etkiler-riskler,,Üsküdar,744,1,Genel | Hastalıklarda Tedavi | Hayru Şifa | ozon tedavisi faydaları | ozon tedavisi nasıl yapılır | ozon tedavisi nedir | ozon tedavisi yan etkileri | ozon terapi avantajları | ozon terapi Üsküdar | Ozon Terapisi | ozon terapisi hakkında | ozon terapisi ile bağışıklık güçlendirme | Sağlık | Tedavi | Üsküdar ozon tedavisi | Üsküdar ozon tedavisi merkezleri | Üsküdar ozon terapisi doktorları | Üsküdar'da ozon tedavisi önerileri | Üsküdar'da ozon terapisi,https://hayrusifa.com.tr/ozon-tedavisinde-guvenlik-ve-yan-etkiler-bilmeniz-gerekenler/
ozon-tedavisinin-yan-etkileri,Ozon Tedavisinin Yan Etkileri,2020-11-15,Tedavi Yöntemleri,ozon-terapisi,Ozon Terapisi,yan-etkiler-riskler,Ağrı,,1289,1,Ağrı | Genel | Hastalıklarda Tedavi | Ozon Terapisi,https://hayrusifa.com.tr/ozon-tedavisinin-yan-etkileri/
ozon-tedavisinin-yan-etkileri-ve-dikkat-edilmesi-gerekenler,Ozon Tedavisinin Yan Etkileri ve Dikkat Edilmesi Gerekenler,2021-12-10,Tedavi Yöntemleri,ozon-terapisi,Ozon Terapisi,yan-etkiler-riskler,Ağrı; Cilt,,1542,1,Ağrı | Cilt | Hastalıklarda Tedavi,https://hayrusifa.com.tr/ozon-tedavisinin-yan-etkileri-ve-dikkat-edilmesi-gerekenler/
ozon-tedavisinin-yan-etkileri-ve-dikkat-edilmesi-gerekenler-2,Ozon Tedavisinin Yan Etkileri ve Dikkat Edilmesi Gerekenler,2024-10-02,Tedavi Yöntemleri,ozon-terapisi,Ozon Terapisi,yan-etkiler-riskler,,,1714,1,Hayru Şifa | ozon tedavisi faydaları | ozon tedavisi nedir | ozon tedavisi yan etkileri,https://hayrusifa.com.tr/ozon-tedavisinin-yan-etkileri-ve-dikkat-edilmesi-gerekenler-2/
ozon-terapi-yan-etkileri-ve-riskleri-nelerdir,Ozon Terapi Yan Etkileri ve Riskleri Nelerdir?,2024-09-26,Tedavi Yöntemleri,ozon-terapisi,Ozon Terapisi,yan-etkiler-riskler,,,2637,1,Hayru Şifa | ozon tedavisi faydaları | ozon tedavisi nasıl yapılır | ozon tedavisi nedir,https://hayrusifa.com.tr/ozon-terapi-yan-etkileri-ve-riskleri-nelerdir/
proloterapinin-bilimsel-temelleri-ve-arastirma-bulgulari,Proloterapinin Bilimsel Temelleri ve Araştırma Bulguları,2022-02-27,Tedavi Yöntemleri,proloterapi,Proloterapi,bilimsel-tarihce,Ağrı; Kronik Hastalıklar,,2105,1,Ağrı | Genel | Hastalıklarda Tedavi | Kas Spazmı | Kronik Hastalıklar | Proloterapi,https://hayrusifa.com.tr/proloterapinin-bilimsel-temelleri-ve-arastirma-bulgulari/
proloterapi-ile-dogal-yontemlerle-kas-gucunuzu-artirin,Proloterapi ile Doğal Yöntemlerle Kas Gücünüzü Artırın,2024-09-20,Tedavi Yöntemleri,proloterapi,Proloterapi,faydalari,Spor Yaralanmaları,,1194,1,Hayru Şifa | Proloterapi,https://hayrusifa.com.tr/proloterapi-ile-dogal-yontemlerle-kas-gucunuzu-artirin/
proloterapi-nedir-dogal-iyilesme-yonteminin-faydalari,Proloterapi Nedir? Doğal İyileşme Yönteminin Faydaları,2022-02-15,Tedavi Yöntemleri,proloterapi,Proloterapi,faydalari,Ağrı,,1934,1,Ağrı | Genel | Hastalıklarda Tedavi | Proloterapi,https://hayrusifa.com.tr/proloterapi-nedir-dogal-iyilesme-yonteminin-faydalari/
proloterapi-ve-kronik-agri-yonetimi-nasil-ise-yarar,Proloterapi ve Kronik Ağrı Yönetimi: Nasıl İşe Yarar?,2024-10-16,Tedavi Yöntemleri,proloterapi,Proloterapi,faydalari,Ağrı,,1752,1,Hayru Şifa | Proloterapi,https://hayrusifa.com.tr/proloterapi-ve-kronik-agri-yonetimi-nasil-ise-yarar/
eklem-iltihabi-ve-bag-dokusu-sorunlarina-proloterapi-ile-cozum,Eklem İltihabı ve Bağ Dokusu Sorunlarına Proloterapi ile Çözüm,2024-03-15,Tedavi Yöntemleri,proloterapi,Proloterapi,genel-yazi,Ağrı; Kronik Hastalıklar,,2150,1,Ağrı | Boyun ve Sırt | Genel | Hastalıklarda Tedavi | Kas Spazmı | Kronik Hastalıklar,https://hayrusifa.com.tr/eklem-iltihabi-ve-bag-dokusu-sorunlarina-proloterapi-ile-cozum/
proloterapi-ile-agrisiz-bir-yasam-mumkun-mu,Proloterapi ile Ağrısız Bir Yaşam Mümkün mü?,2024-09-27,Tedavi Yöntemleri,proloterapi,Proloterapi,genel-yazi,Ağrı,,2358,1,Hayru Şifa | Proloterapi,https://hayrusifa.com.tr/proloterapi-ile-agrisiz-bir-yasam-mumkun-mu/
proloterapi-ile-eklem-agrilarindan-kurtulun,Proloterapi ile Eklem Ağrılarından Kurtulun: Uzman Görüşleri,2024-09-26,Tedavi Yöntemleri,proloterapi,Proloterapi,genel-yazi,Ağrı,,2091,1,Hayru Şifa | Proloterapi,https://hayrusifa.com.tr/proloterapi-ile-eklem-agrilarindan-kurtulun/
proloterapi-ile-kronik-agri-yonetimi-etkili-cozumler,Proloterapi ile Kronik Ağrı Yönetimi: Etkili Çözümler,2022-02-10,Tedavi Yöntemleri,proloterapi,Proloterapi,genel-yazi,Ağrı; Kronik Hastalıklar,,3208,1,Ağrı | Genel | Hastalıklarda Tedavi | Kronik Hastalıklar | Proloterapi,https://hayrusifa.com.tr/proloterapi-ile-kronik-agri-yonetimi-etkili-cozumler/
proloterapi-ile-spor-yaralanmalarinda-dogal-iyilesme-sureci,Proloterapi ile Spor Yaralanmalarında Doğal İyileşme Süreci,2024-09-20,Tedavi Yöntemleri,proloterapi,Proloterapi,genel-yazi,Spor Yaralanmaları,,1371,1,Hayru Şifa | Proloterapi,https://hayrusifa.com.tr/proloterapi-ile-spor-yaralanmalarinda-dogal-iyilesme-sureci/
proloterapi-tedavisinde-uygulama-yontemleri-surecler,Proloterapi Tedavisinde Uygulama Yöntemleri ve Süreçler,2024-10-16,Tedavi Yöntemleri,proloterapi,Proloterapi,genel-yazi,,,1861,1,Hayru Şifa | Proloterapi,https://hayrusifa.com.tr/proloterapi-tedavisinde-uygulama-yontemleri-surecler/
proloterapi-tedavisinin-basari-orani-ve-etkililigi,Proloterapi Tedavisinin Başarı Oranı ve Etkililiği,2024-10-18,Tedavi Yöntemleri,proloterapi,Proloterapi,genel-yazi,,,1425,1,Hayru Şifa | Proloterapi,https://hayrusifa.com.tr/proloterapi-tedavisinin-basari-orani-ve-etkililigi/
proloterapi-ve-spor-yaralanmalari-sorunu-cozmek-icin-saglikli-uygulamalar,Proloterapi ve Spor Yaralanmaları: Sorunu Çözmek İçin Sağlıklı Uygulamalar,2022-03-03,Tedavi Yöntemleri,proloterapi,Proloterapi,genel-yazi,Spor Yaralanmaları,,2196,1,Hastalıklarda Tedavi,https://hayrusifa.com.tr/proloterapi-ve-spor-yaralanmalari-sorunu-cozmek-icin-saglikli-uygulamalar/
umraniye-proloterapi,Ümraniye Proloterapi,2024-07-27,Tedavi Yöntemleri,proloterapi,Proloterapi,genel-yazi,,Ümraniye,1858,1,Genel,https://hayrusifa.com.tr/umraniye-proloterapi/
uskudar-proloterapi,Üsküdar Proloterapi,2024-08-19,Tedavi Yöntemleri,proloterapi,Proloterapi,genel-yazi,,Üsküdar,1259,1,Genel | Hastalıklarda Tedavi | Proloterapi | Üsküdar proloterapi,https://hayrusifa.com.tr/uskudar-proloterapi/
proloterapi-hangi-hastaliklara-iyi-gelir-7-faydasi,Proloterapi Hangi Hastalıklara İyi Gelir? 7 Temel Faydası,2024-10-17,Tedavi Yöntemleri,proloterapi,Proloterapi,hangi-hastaliklar,,,1761,1,Hayru Şifa | Proloterapi,https://hayrusifa.com.tr/proloterapi-hangi-hastaliklara-iyi-gelir-7-faydasi/
proloterapi-nedir-bel-ve-boyun-agrilari-icin-dogal-bir-tedavi-yontemi,Proloterapi Nedir? Bel ve Boyun Ağrıları İçin Doğal Bir Tedavi Yöntemi,2024-09-20,Tedavi Yöntemleri,proloterapi,Proloterapi,nedir-genel,Ağrı,,1211,1,Hayru Şifa | Proloterapi,https://hayrusifa.com.tr/proloterapi-nedir-bel-ve-boyun-agrilari-icin-dogal-bir-tedavi-yontemi/
proloterapi-sonrasi-nelere-dikkat-edilmelidir-iyilesme-surecinizi-destekleyin,Proloterapi Sonrası Nelere Dikkat Edilmelidir? İyileşme Sürecinizi Destekleyin,2024-10-17,Tedavi Yöntemleri,proloterapi,Proloterapi,sonrasi-bakim,,,1623,1,Hayru Şifa | Proloterapi,https://hayrusifa.com.tr/proloterapi-sonrasi-nelere-dikkat-edilmelidir-iyilesme-surecinizi-destekleyin/
proloterapi-nasil-uygulanir-adim-adim-tedavi-sureci,Proloterapi Nasıl Uygulanır? Adım Adım Tedavi Süreci,2021-03-05,Tedavi Yöntemleri,proloterapi,Proloterapi,uygulama-surec,Ağrı; Kronik Hastalıklar,,2477,1,Ağrı | Genel | Hastalıklarda Tedavi | Kronik Hastalıklar | Proloterapi,https://hayrusifa.com.tr/proloterapi-nasil-uygulanir-adim-adim-tedavi-sureci/
proloterapinin-yan-etkileri-riskler-ve-faydalari-nelerdir,Proloterapinin Yan Etkileri: Riskler ve Faydaları Nelerdir?,2024-10-16,Tedavi Yöntemleri,proloterapi,Proloterapi,yan-etkiler-riskler,,,1672,1,Hayru Şifa | Proloterapi,https://hayrusifa.com.tr/proloterapinin-yan-etkileri-riskler-ve-faydalari-nelerdir/
proloterapinin-yan-etkileri-ve-dikkat-edilmesi-gerekenler,Proloterapinin Yan Etkileri ve Dikkat Edilmesi Gerekenler,2022-01-05,Tedavi Yöntemleri,proloterapi,Proloterapi,yan-etkiler-riskler,Ağrı; Kronik Hastalıklar,,2115,1,Ağrı | Genel | Hastalıklarda Tedavi | Kronik Hastalıklar | Proloterapi,https://hayrusifa.com.tr/proloterapinin-yan-etkileri-ve-dikkat-edilmesi-gerekenler/
eklem-sagliginda-prp-tedavisi-bilimsel-kanitlar,Eklem Sağlığında PRP Tedavisi: Bilimsel Kanıtlar,2025-02-05,Tedavi Yöntemleri,prp-tedavisi,PRP Tedavisi,bilimsel-tarihce,,Üsküdar; Ümraniye,751,1,Genel | Hastalıklarda Tedavi | Hayru Şifa | PRP Uygulaması | Sağlık | Tedavi | Ümraniye PRP Tedavisi | Üsküdar PRP Tedavisi,https://hayrusifa.com.tr/eklem-sagliginda-prp-tedavisi-bilimsel-kanitlar/
prp-tedavisi-ile-kan-dolasimini-desteklemek-mumkun-mu,PRP Tedavisi İle Kan Dolaşımını Desteklemek Mümkün mü?,2025-03-01,Tedavi Yöntemleri,prp-tedavisi,PRP Tedavisi,faydalari,Kalp / Dolaşım,Üsküdar; Ümraniye,745,1,Genel | Hastalıklarda Tedavi | Hayru Şifa | PRP Uygulaması | Sağlık | Tedavi | Ümraniye PRP Tedavisi | Üsküdar PRP Tedavisi,https://hayrusifa.com.tr/prp-tedavisi-ile-kan-dolasimini-desteklemek-mumkun-mu/
prp-tedavisi-nedir-spor-sakatliklari-uzerindeki-etkileri,PRP Tedavisi Nedir? Spor Sakatlıkları Üzerindeki Etkileri,2024-11-12,Tedavi Yöntemleri,prp-tedavisi,PRP Tedavisi,faydalari,,Üsküdar; Ümraniye,1014,1,Hayru Şifa | PRP Uygulaması | Tedavi | Ümraniye PRP Tedavisi | Üsküdar PRP Tedavisi,https://hayrusifa.com.tr/prp-tedavisi-nedir-spor-sakatliklari-uzerindeki-etkileri/
prp-tedavisi-ve-kolajen-uretimi-cilt-sagligina-katkilari,PRP Tedavisi ve Kolajen Üretimi: Cilt Sağlığına Katkıları,2025-03-13,Tedavi Yöntemleri,prp-tedavisi,PRP Tedavisi,faydalari,Cilt,Üsküdar; Ümraniye,870,1,Genel | Hastalıklarda Tedavi | Hayru Şifa | Sağlık | Tedavi | Ümraniye PRP Tedavisi | Üsküdar PRP Tedavisi,https://hayrusifa.com.tr/prp-tedavisi-ve-kolajen-uretimi-cilt-sagligina-katkilari/
prpnin-cilt-lekelerine-olan-etkileri-gercekten-cozum-saglar-mi,PRP'nin Cilt Lekelerine Olan Etkileri: Gerçekten Çözüm Sağlar mı?,2025-01-24,Tedavi Yöntemleri,prp-tedavisi,PRP Tedavisi,faydalari,Cilt,Üsküdar; Ümraniye,661,1,Genel | Hastalıklarda Tedavi | Hayru Şifa | PRP Uygulaması | Sağlık | Tedavi | Ümraniye PRP Tedavisi | Üsküdar PRP Tedavisi,https://hayrusifa.com.tr/prpnin-cilt-lekelerine-olan-etkileri-gercekten-cozum-saglar-mi/
prpnin-dogal-icerigi-ve-saglik-uzerindeki-faydalari,PRP'nin Doğal İçeriği ve Sağlık Üzerindeki Faydaları,2025-03-07,Tedavi Yöntemleri,prp-tedavisi,PRP Tedavisi,faydalari,,Üsküdar; Ümraniye,899,1,Genel | Hastalıklarda Tedavi | Hayru Şifa | PRP Uygulaması | Sağlık | Tedavi | Ümraniye PRP Tedavisi | Üsküdar PRP Tedavisi,https://hayrusifa.com.tr/prpnin-dogal-icerigi-ve-saglik-uzerindeki-faydalari/
prp-tedavisi-kac-seans-surer-ve-etkileri-ne-kadar-kalici,PRP Tedavisi Kaç Seans Sürer ve Etkileri Ne Kadar Kalıcı?,2024-11-11,Tedavi Yöntemleri,prp-tedavisi,PRP Tedavisi,fiyat,,Üsküdar; Ümraniye,1075,1,Hayru Şifa | PRP Uygulaması | Ümraniye PRP Tedavisi | Üsküdar PRP Tedavisi,https://hayrusifa.com.tr/prp-tedavisi-kac-seans-surer-ve-etkileri-ne-kadar-kalici/
prp-tedavisi-sac-dokulmesine-karsi-ne-kadar-etkilidir,PRP Tedavisi Saç Dökülmesine Karşı Ne Kadar Etkilidir?,2024-11-27,Tedavi Yöntemleri,prp-tedavisi,PRP Tedavisi,fiyat,Saç Dökülmesi,Üsküdar; Ümraniye,826,1,Hayru Şifa | PRP Uygulaması | Saç Dökülmesi | Sağlık | Tedavi | Ümraniye PRP Tedavisi | Üsküdar PRP Tedavisi,https://hayrusifa.com.tr/prp-tedavisi-sac-dokulmesine-karsi-ne-kadar-etkilidir/
akne-izleri-icin-prp-tedavisi-etkili-bir-cozum-mu,Akne İzleri İçin PRP Tedavisi Etkili Bir Çözüm mü?,2024-11-05,Tedavi Yöntemleri,prp-tedavisi,PRP Tedavisi,genel-yazi,Cilt,Üsküdar; Ümraniye,1224,1,Hayru Şifa | PRP Uygulaması | Sağlık | Tedavi | Ümraniye PRP Tedavisi | Üsküdar PRP Tedavisi,https://hayrusifa.com.tr/akne-izleri-icin-prp-tedavisi-etkili-bir-cozum-mu/
cilt-genclestirmede-prp-kolajen-uretimini-artirmanin-yolu,Cilt Gençleştirmede PRP: Kolajen Üretimini Artırmanın Yolu,2024-11-12,Tedavi Yöntemleri,prp-tedavisi,PRP Tedavisi,genel-yazi,Cilt,Üsküdar,994,1,Hayru Şifa | PRP Uygulaması | Sağlık | Tedavi | Üsküdar PRP Tedavisi,https://hayrusifa.com.tr/cilt-genclestirmede-prp-kolajen-uretimini-artirmanin-yolu/
cilt-yenilemede-prpnin-rolu-dogal-genclesme-yontemleri,Cilt Yenilemede PRP'nin Rolü: Doğal Gençleşme Yöntemleri,2025-01-02,Tedavi Yöntemleri,prp-tedavisi,PRP Tedavisi,genel-yazi,Cilt,Ümraniye,743,1,Cilt | Hayru Şifa | PRP Uygulaması | Sağlık | Tedavi | Ümraniye PRP Tedavisi,https://hayrusifa.com.tr/cilt-yenilemede-prpnin-rolu-dogal-genclesme-yontemleri/
diz-ve-eklem-agrilari-icin-prp-tedavisi-iyilesme-sureci,Diz ve Eklem Ağrıları İçin PRP Tedavisi: İyileşme Süreci,2024-11-06,Tedavi Yöntemleri,prp-tedavisi,PRP Tedavisi,genel-yazi,Ağrı,Üsküdar; Ümraniye,994,1,Ağrı | Hayru Şifa | PRP Uygulaması | Sağlık | Ümraniye PRP Tedavisi | Üsküdar PRP Tedavisi,https://hayrusifa.com.tr/diz-ve-eklem-agrilari-icin-prp-tedavisi-iyilesme-sureci/
prp-ile-akne-izlerinden-kurtulma-yontemleri,PRP ile Akne İzlerinden Kurtulma Yöntemleri,2024-12-03,Tedavi Yöntemleri,prp-tedavisi,PRP Tedavisi,genel-yazi,Cilt,Üsküdar; Ümraniye,687,1,Genel | Hayru Şifa | PRP Uygulaması | Sağlık | Tedavi | Ümraniye PRP Tedavisi | Üsküdar PRP Tedavisi,https://hayrusifa.com.tr/prp-ile-akne-izlerinden-kurtulma-yontemleri/
prp-ile-cilt-yenileme-ve-genclestirme,PRP ile Cilt Yenileme ve Gençleştirme,2024-11-29,Tedavi Yöntemleri,prp-tedavisi,PRP Tedavisi,genel-yazi,Cilt,Üsküdar; Ümraniye,778,1,Cilt | Hayru Şifa | PRP Uygulaması | Sağlık | Tedavi | Ümraniye PRP Tedavisi | Üsküdar PRP Tedavisi,https://hayrusifa.com.tr/prp-ile-cilt-yenileme-ve-genclestirme/
prp-ile-diz-agrilarindan-kurtulun-uzman-gorusleri,PRP ile Diz Ağrılarından Kurtulun: Uzman Görüşleri,2025-01-19,Tedavi Yöntemleri,prp-tedavisi,PRP Tedavisi,genel-yazi,Ağrı,Üsküdar; Ümraniye,657,1,Ağrı | Genel | Hayru Şifa | PRP Uygulaması | Sağlık | Tedavi | Ümraniye PRP Tedavisi | Üsküdar PRP Tedavisi,https://hayrusifa.com.tr/prp-ile-diz-agrilarindan-kurtulun-uzman-gorusleri/
prp-ile-sac-dokulmesine-kalici-cozum-mumkun-mu,PRP ile Saç Dökülmesine Kalıcı Çözüm Mümkün mü?,2024-12-27,Tedavi Yöntemleri,prp-tedavisi,PRP Tedavisi,genel-yazi,Saç Dökülmesi,Üsküdar; Ümraniye,782,1,PRP Uygulaması | Ümraniye PRP Tedavisi | Üsküdar PRP Tedavisi,https://hayrusifa.com.tr/prp-ile-sac-dokulmesine-kalici-cozum-mumkun-mu/
prp-tedavisi-ile-cilt-lekelerinden-kurtulmanin-adimlari,PRP Tedavisi ile Cilt Lekelerinden Kurtulmanın Adımları,2024-11-12,Tedavi Yöntemleri,prp-tedavisi,PRP Tedavisi,genel-yazi,Cilt,Üsküdar; Ümraniye,1012,1,Cilt | Hayru Şifa | PRP Uygulaması | Sağlık | Ümraniye PRP Tedavisi | Üsküdar PRP Tedavisi,https://hayrusifa.com.tr/prp-tedavisi-ile-cilt-lekelerinden-kurtulmanin-adimlari/
prp-tedavisi-ile-cilt-lekelerine-veda-edin,PRP Tedavisi ile Cilt Lekelerine Veda Edin,2024-12-03,Tedavi Yöntemleri,prp-tedavisi,PRP Tedavisi,genel-yazi,Cilt,Üsküdar; Ümraniye,754,1,Hayru Şifa | PRP Uygulaması | Sağlık | Tedavi | Ümraniye PRP Tedavisi | Üsküdar PRP Tedavisi,https://hayrusifa.com.tr/prp-tedavisi-ile-cilt-lekelerine-veda-edin/
prp-tedavisi-ile-dogal-kollajen-uretimi,PRP Tedavisi ile Doğal Kollajen Üretimi,2024-12-02,Tedavi Yöntemleri,prp-tedavisi,PRP Tedavisi,genel-yazi,,Üsküdar; Ümraniye,726,1,Hayru Şifa | PRP Uygulaması | Sağlık | Tedavi | Ümraniye PRP Tedavisi | Üsküdar PRP Tedavisi,https://hayrusifa.com.tr/prp-tedavisi-ile-dogal-kollajen-uretimi/
prp-tedavisi-ile-dogal-ve-kalici-cozumler,PRP Tedavisi ile Doğal ve Kalıcı Çözümler,2024-12-01,Tedavi Yöntemleri,prp-tedavisi,PRP Tedavisi,genel-yazi,,Üsküdar; Ümraniye,716,1,Hayru Şifa | PRP Uygulaması | Sağlık | Tedavi | Ümraniye PRP Tedavisi | Üsküdar PRP Tedavisi,https://hayrusifa.com.tr/prp-tedavisi-ile-dogal-ve-kalici-cozumler/
prp-tedavisi-ile-sac-dokulmesini-durdurmak-mumkun-mu,PRP Tedavisi ile Saç Dökülmesini Durdurmak Mümkün mü?,2024-11-05,Tedavi Yöntemleri,prp-tedavisi,PRP Tedavisi,genel-yazi,Saç Dökülmesi,Üsküdar; Ümraniye,1116,1,Hayru Şifa | PRP Uygulaması | Saç Dökülmesi | Sağlık | Tedavi | Ümraniye PRP Tedavisi | Üsküdar PRP Tedavisi,https://hayrusifa.com.tr/prp-tedavisi-ile-sac-dokulmesini-durdurmak-mumkun-mu/
prp-tedavisi-ile-yara-iyilesmesini-hizlandirmak-cilt-onarimina-etkisi,PRP Tedavisi ile Yara İyileşmesini Hızlandırmak: Cilt Onarımına Etkisi,2024-11-05,Tedavi Yöntemleri,prp-tedavisi,PRP Tedavisi,genel-yazi,Cilt,Üsküdar; Ümraniye,1208,1,Hayru Şifa | PRP Uygulaması | Sağlık | Tedavi | Ümraniye PRP Tedavisi | Üsküdar PRP Tedavisi,https://hayrusifa.com.tr/prp-tedavisi-ile-yara-iyilesmesini-hizlandirmak-cilt-onarimina-etkisi/
prp-tedavisinde-kullanilan-teknolojiler,PRP Tedavisinde Kullanılan Teknolojiler,2024-12-03,Tedavi Yöntemleri,prp-tedavisi,PRP Tedavisi,genel-yazi,,Üsküdar; Ümraniye,439,1,Genel | Hastalıklarda Tedavi | Hayru Şifa | PRP Uygulaması | Sağlık | Tedavi | Ümraniye PRP Tedavisi | Üsküdar PRP Tedavisi,https://hayrusifa.com.tr/prp-tedavisinde-kullanilan-teknolojiler/
prp-tedavisinin-ciltteki-yenileyici-rolu,PRP Tedavisinin Ciltteki Yenileyici Rolü,2024-12-03,Tedavi Yöntemleri,prp-tedavisi,PRP Tedavisi,genel-yazi,Cilt,Üsküdar; Ümraniye,562,1,Cilt | Genel | Hastalıklarda Tedavi | Hayru Şifa | PRP Uygulaması | Sağlık | Tedavi | Ümraniye PRP Tedavisi | Üsküdar PRP Tedavisi,https://hayrusifa.com.tr/prp-tedavisinin-ciltteki-yenileyici-rolu/
prp-uygulamasi-ve-hacamat,Prp Uygulaması Ve Hacamat,2018-04-26,Tedavi Yöntemleri,prp-tedavisi,PRP Tedavisi,genel-yazi,,,480,3,Genel | Hacamat | PRP Uygulaması,https://hayrusifa.com.tr/prp-uygulamasi-ve-hacamat/
prp-ve-estetik-guzellik-icin-yeni-bir-donem,PRP ve Estetik: Güzellik İçin Yeni Bir Dönem,2025-01-30,Tedavi Yöntemleri,prp-tedavisi,PRP Tedavisi,genel-yazi,,Üsküdar; Ümraniye,661,1,Genel | Hastalıklarda Tedavi | Hayru Şifa | Sağlık | Tedavi | Ümraniye PRP Tedavisi | Üsküdar PRP Tedavisi,https://hayrusifa.com.tr/prp-ve-estetik-guzellik-icin-yeni-bir-donem/
prp-ve-goz-alti-morluklari-genc-bakislar-icin-tedavi-yontemleri,PRP ve Göz Altı Morlukları: Genç Bakışlar İçin Tedavi Yöntemleri,2024-11-11,Tedavi Yöntemleri,prp-tedavisi,PRP Tedavisi,genel-yazi,Göz,Üsküdar; Ümraniye,866,1,Göz | Hayru Şifa | PRP Uygulaması | Sağlık | Tedavi | Ümraniye PRP Tedavisi | Üsküdar PRP Tedavisi,https://hayrusifa.com.tr/prp-ve-goz-alti-morluklari-genc-bakislar-icin-tedavi-yontemleri/
prp-ve-mezoterapi-sac-sagligi-icin-en-iyi-kombinasyon,PRP ve Mezoterapi: Saç Sağlığı İçin En İyi Kombinasyon,2024-12-02,Tedavi Yöntemleri,prp-tedavisi,PRP Tedavisi,genel-yazi,Saç Dökülmesi,Üsküdar; Ümraniye,690,1,Hayru Şifa | Mezoterapi | PRP Uygulaması | Saç Dökülmesi | Sağlık | Tedavi | Ümraniye PRP Tedavisi | Üsküdar PRP Tedavisi | Üsküdar'da ozon terapisi,https://hayrusifa.com.tr/prp-ve-mezoterapi-sac-sagligi-icin-en-iyi-kombinasyon/
prp-ve-spor-yaralanmalari-hizli-iyilesme-icin-yeni-yaklasimlar,PRP ve Spor Yaralanmaları: Hızlı İyileşme İçin Yeni Yaklaşımlar,2025-01-08,Tedavi Yöntemleri,prp-tedavisi,PRP Tedavisi,genel-yazi,Spor Yaralanmaları,Üsküdar; Ümraniye,665,1,PRP Uygulaması | Sağlık | Tedavi | Ümraniye PRP Tedavisi | Üsküdar PRP Tedavisi,https://hayrusifa.com.tr/prp-ve-spor-yaralanmalari-hizli-iyilesme-icin-yeni-yaklasimlar/
prpnin-spor-yaralanmalarindaki-kullanimi,PRP’nin Spor Yaralanmalarındaki Kullanımı,2024-12-02,Tedavi Yöntemleri,prp-tedavisi,PRP Tedavisi,genel-yazi,Spor Yaralanmaları,Üsküdar,654,1,Hayru Şifa | PRP Uygulaması | Sağlık | Tedavi | Üsküdar PRP Tedavisi,https://hayrusifa.com.tr/prpnin-spor-yaralanmalarindaki-kullanimi/
umraniye-prp-tedavisi,Ümraniye PRP Tedavisi,2024-08-15,Tedavi Yöntemleri,prp-tedavisi,PRP Tedavisi,genel-yazi,,Ümraniye,1999,1,Genel | Hastalıklarda Tedavi | Ümraniye PRP Tedavisi,https://hayrusifa.com.tr/umraniye-prp-tedavisi/
uskudar-prp-tedavisi,Üsküdar PRP Tedavisi,2024-08-18,Tedavi Yöntemleri,prp-tedavisi,PRP Tedavisi,genel-yazi,,Üsküdar,3133,1,Genel | Hastalıklarda Tedavi | PRP Uygulaması | Üsküdar PRP Tedavisi,https://hayrusifa.com.tr/uskudar-prp-tedavisi/
prp-tedavisi-nedir-ve-hangi-saglik-sorunlarinda-kullanilir,PRP Tedavisi Nedir ve Hangi Sağlık Sorunlarında Kullanılır?,2024-12-21,Tedavi Yöntemleri,prp-tedavisi,PRP Tedavisi,hangi-hastaliklar,,,854,1,PRP Uygulaması | Sağlık | Tedavi,https://hayrusifa.com.tr/prp-tedavisi-nedir-ve-hangi-saglik-sorunlarinda-kullanilir/
prp-tedavisi-nedir-dogal-yenilenme-sureci,PRP Tedavisi Nedir? Doğal Yenilenme Süreci,2024-11-26,Tedavi Yöntemleri,prp-tedavisi,PRP Tedavisi,nedir-genel,,Üsküdar; Ümraniye,801,1,Hayru Şifa | PRP Uygulaması | Sağlık | Ümraniye PRP Tedavisi | Üsküdar PRP Tedavisi,https://hayrusifa.com.tr/prp-tedavisi-nedir-dogal-yenilenme-sureci/
dogum-sonrasi-sac-dokulmesi-icin-prp-tedavisinin-faydalari,Doğum Sonrası Saç Dökülmesi İçin PRP Tedavisinin Faydaları,2024-11-11,Tedavi Yöntemleri,prp-tedavisi,PRP Tedavisi,sonrasi-bakim,Saç Dökülmesi,Üsküdar; Ümraniye,1187,1,Hayru Şifa | PRP Uygulaması | Saç Dökülmesi | Sağlık | Ümraniye PRP Tedavisi | Üsküdar PRP Tedavisi,https://hayrusifa.com.tr/dogum-sonrasi-sac-dokulmesi-icin-prp-tedavisinin-faydalari/
hamilelik-sonrasi-cilt-problemlerinde-prpnin-avantajlari,Hamilelik Sonrası Cilt Problemlerinde PRP'nin Avantajları,2025-02-23,Tedavi Yöntemleri,prp-tedavisi,PRP Tedavisi,sonrasi-bakim,Cilt,Üsküdar,756,1,Cilt | Genel | Hastalıklarda Tedavi | Hayru Şifa | PRP Uygulaması | Sağlık | Tedavi | Üsküdar PRP Tedavisi,https://hayrusifa.com.tr/hamilelik-sonrasi-cilt-problemlerinde-prpnin-avantajlari/
prp-tedavisi-oncesi-ve-sonrasi-bilmeniz-gerekenler,PRP Tedavisi Öncesi ve Sonrası Bilmeniz Gerekenler,2025-01-14,Tedavi Yöntemleri,prp-tedavisi,PRP Tedavisi,sonrasi-bakim,,,879,1,PRP Uygulaması | Sağlık | Tedavi,https://hayrusifa.com.tr/prp-tedavisi-oncesi-ve-sonrasi-bilmeniz-gerekenler/
prp-ve-ozon-tedavisi-ile-cilt-bakimi-stratejileri,PRP ve Ozon Tedavisi ile Cilt Bakımı Stratejileri,2024-12-02,Tedavi Yöntemleri,prp-tedavisi,PRP Tedavisi,sonrasi-bakim,Cilt,Üsküdar; Ümraniye,627,1,Cilt | Genel | Hayru Şifa | ozon tedavisi faydaları | ozon tedavisi nedir | Sağlık | Tedavi | Ümraniye PRP Tedavisi | Üsküdar ozon tedavisi | Üsküdar PRP Tedavisi | Üsküdar'da ozon terapisi,https://hayrusifa.com.tr/prp-ve-ozon-tedavisi-ile-cilt-bakimi-stratejileri/
sac-ekimi-sonrasi-prpnin-etkisi-sureci-hizlandirabilir-mi,Saç Ekimi Sonrası PRP'nin Etkisi: Süreci Hızlandırabilir mi?,2025-02-11,Tedavi Yöntemleri,prp-tedavisi,PRP Tedavisi,sonrasi-bakim,Saç Dökülmesi,Üsküdar; Ümraniye,754,1,Genel | Hastalıklarda Tedavi | Hayru Şifa | PRP Uygulaması | Sağlık | Tedavi | Ümraniye PRP Tedavisi | Üsküdar PRP Tedavisi,https://hayrusifa.com.tr/sac-ekimi-sonrasi-prpnin-etkisi-sureci-hizlandirabilir-mi/
prp-tedavisinde-kullanilan-teknikler-igneli-ve-ignesiz-yontemler,PRP Tedavisinde Kullanılan Teknikler: İğneli ve İğnesiz Yöntemler,2025-02-17,Tedavi Yöntemleri,prp-tedavisi,PRP Tedavisi,uygulama-surec,,Üsküdar; Ümraniye,741,1,Genel | Hastalıklarda Tedavi | Hayru Şifa | PRP Uygulaması | Sağlık | Tedavi | Ümraniye PRP Tedavisi | Üsküdar PRP Tedavisi,https://hayrusifa.com.tr/prp-tedavisinde-kullanilan-teknikler-igneli-ve-ignesiz-yontemler/
prp-tedavisinin-avantajlari-ve-yan-etkileri,PRP Tedavisinin Avantajları ve Yan Etkileri,2024-12-05,Tedavi Yöntemleri,prp-tedavisi,PRP Tedavisi,yan-etkiler-riskler,,Üsküdar; Ümraniye,687,1,Hayru Şifa | PRP Uygulaması | Sağlık | Ümraniye PRP Tedavisi | Üsküdar PRP Tedavisi,https://hayrusifa.com.tr/prp-tedavisinin-avantajlari-ve-yan-etkileri/
kronik-agrilar-icin-suluk-terapisi-bilimsel-yonu-ve-etkileri,Kronik Ağrılar İçin Sülük Terapisi: Bilimsel Yönü ve Etkileri,2024-11-11,Tedavi Yöntemleri,suluk-tedavisi,Sülük Tedavisi (Hirudoterapi),bilimsel-tarihce,Ağrı,Üsküdar; Ümraniye,864,1,Ağrı | Hayru Şifa | Sağlık | Sülük Tedavisi | Ümraniye Sülük Tedavisi | Üsküdar ağrı tedavisi,https://hayrusifa.com.tr/kronik-agrilar-icin-suluk-terapisi-bilimsel-yonu-ve-etkileri/
suluk-tedavisinin-bilimsel-temelleri,Sülük Tedavisinin Bilimsel Temelleri,2024-07-27,Tedavi Yöntemleri,suluk-tedavisi,Sülük Tedavisi (Hirudoterapi),bilimsel-tarihce,Ağrı,,1740,1,Ağrı | Genel | Hastalıklarda Tedavi | Sülük Tedavisi,https://hayrusifa.com.tr/suluk-tedavisinin-bilimsel-temelleri/
suluk-terapisi-ile-kanin-temizlenmesi-bilimsel-gercekler,Sülük Terapisi ile Kanın Temizlenmesi: Bilimsel Gerçekler,2024-11-28,Tedavi Yöntemleri,suluk-tedavisi,Sülük Tedavisi (Hirudoterapi),bilimsel-tarihce,,,815,1,Hayru Şifa | Sağlık | Sülük Tedavisi | Tedavi,https://hayrusifa.com.tr/suluk-terapisi-ile-kanin-temizlenmesi-bilimsel-gercekler/
suluk-terapisinin-tarihi-ve-modern-tiptaki-yeri,Sülük Terapisinin Tarihi ve Modern Tıptaki Yeri,2025-01-10,Tedavi Yöntemleri,suluk-tedavisi,Sülük Tedavisi (Hirudoterapi),bilimsel-tarihce,,Ümraniye,724,1,Sağlık | Sülük Tedavisi | Tedavi | Ümraniye Sülük Tedavisi,https://hayrusifa.com.tr/suluk-terapisinin-tarihi-ve-modern-tiptaki-yeri/
suluklerin-sagliga-katkilari-bilimsel-arastirmalar,Sülüklerin Sağlığa Katkıları: Bilimsel Araştırmalar,2025-03-09,Tedavi Yöntemleri,suluk-tedavisi,Sülük Tedavisi (Hirudoterapi),bilimsel-tarihce,,Ümraniye,841,1,Genel | Hastalıklarda Tedavi | Hayru Şifa | Sağlık | Sülük Tedavisi | Tedavi | Ümraniye Sülük Tedavisi,https://hayrusifa.com.tr/suluklerin-sagliga-katkilari-bilimsel-arastirmalar/
tibbi-suluk-tedavisinin-bilimsel-temelleri-ve-tarihcesi,Tıbbi Sülük Tedavisinin Bilimsel Temelleri ve Tarihçesi,2024-10-17,Tedavi Yöntemleri,suluk-tedavisi,Sülük Tedavisi (Hirudoterapi),bilimsel-tarihce,,,1727,1,Hayru Şifa | Sülük Tedavisi,https://hayrusifa.com.tr/tibbi-suluk-tedavisinin-bilimsel-temelleri-ve-tarihcesi/
tibbi-suluk-tedavisinin-tarihi-antik-caglardan-gunumuze,Tıbbi Sülük Tedavisinin Tarihi: Antik Çağlardan Günümüze,2020-07-30,Tedavi Yöntemleri,suluk-tedavisi,Sülük Tedavisi (Hirudoterapi),bilimsel-tarihce,Ağrı; Depresyon / Anksiyete; Kronik Yorgunluk,,3232,1,Ağrı | Anksiyete | Genel | Hastalıklarda Tedavi | Kronik Yorgunluk | Sülük Tedavisi,https://hayrusifa.com.tr/tibbi-suluk-tedavisinin-tarihi-antik-caglardan-gunumuze/
cilt-hastaliklari-icin-suluk-terapisinin-gucu-sedef-ve-egzama-tedavisi,Cilt Hastalıkları İçin Sülük Terapisinin Gücü: Sedef ve Egzama Tedavisi,2024-11-11,Tedavi Yöntemleri,suluk-tedavisi,Sülük Tedavisi (Hirudoterapi),faydalari,Cilt; Egzama / Sedef,Ümraniye,1051,1,Cilt | Egzema | Hayru Şifa | Sağlık | Sülük Tedavisi | Ümraniye Sülük Tedavisi,https://hayrusifa.com.tr/cilt-hastaliklari-icin-suluk-terapisinin-gucu-sedef-ve-egzama-tedavisi/
doganin-mucizesi-suluk-terapisinin-sasirtici-etkileri,Doğanın Mucizesi: Sülük Terapisinin Şaşırtıcı Etkileri,2024-12-19,Tedavi Yöntemleri,suluk-tedavisi,Sülük Tedavisi (Hirudoterapi),faydalari,Ağrı,Ümraniye,555,1,Ağrı | Genel | Hayru Şifa | Sağlık | Sülük Tedavisi | Ümraniye Sülük Tedavisi,https://hayrusifa.com.tr/doganin-mucizesi-suluk-terapisinin-sasirtici-etkileri/
kani-temizleyen-sulukler-saglik-uzerindeki-pozitif-etkiler,Kanı Temizleyen Sülükler: Sağlık Üzerindeki Pozitif Etkiler,2024-12-23,Tedavi Yöntemleri,suluk-tedavisi,Sülük Tedavisi (Hirudoterapi),faydalari,,,685,1,Sağlık | Sülük Tedavisi,https://hayrusifa.com.tr/kani-temizleyen-sulukler-saglik-uzerindeki-pozitif-etkiler/
suluk-tedavisi-ile-kan-akisini-duzenlemek-kalp-sagligi-uzerindeki-etkileri,Sülük Tedavisi ile Kan Akışını Düzenlemek: Kalp Sağlığı Üzerindeki Etkileri,2024-11-11,Tedavi Yöntemleri,suluk-tedavisi,Sülük Tedavisi (Hirudoterapi),faydalari,Kalp / Dolaşım,Ümraniye,1067,1,Hayru Şifa | Kalp | Sağlık | Sülük Tedavisi | Tedavi | Ümraniye Sülük Tedavisi,https://hayrusifa.com.tr/suluk-tedavisi-ile-kan-akisini-duzenlemek-kalp-sagligi-uzerindeki-etkileri/
suluk-tedavisi-ve-kan-dolasimini-duzenleme-uzerine-etkileri,Sülük Tedavisi ve Kan Dolaşımını Düzenleme Üzerine Etkileri,2024-10-18,Tedavi Yöntemleri,suluk-tedavisi,Sülük Tedavisi (Hirudoterapi),faydalari,Kalp / Dolaşım,,1713,1,Genel | Hayru Şifa | Sülük Tedavisi,https://hayrusifa.com.tr/suluk-tedavisi-ve-kan-dolasimini-duzenleme-uzerine-etkileri/
suluk-terapisi-ile-dolasim-sistemi-sagliginizi-nasil-destekleyebilirsiniz,Sülük Terapisi ile Dolaşım Sistemi Sağlığınızı Nasıl Destekleyebilirsiniz?,2024-11-12,Tedavi Yöntemleri,suluk-tedavisi,Sülük Tedavisi (Hirudoterapi),faydalari,,Ümraniye,1076,1,Hayru Şifa | Sağlık | Sülük Tedavisi | Tedavi | Ümraniye Sülük Tedavisi,https://hayrusifa.com.tr/suluk-terapisi-ile-dolasim-sistemi-sagliginizi-nasil-destekleyebilirsiniz/
suluk-terapisi-nedir-faydalari-nelerdir,Sülük Terapisi Nedir? Faydaları Nelerdir?,2024-11-25,Tedavi Yöntemleri,suluk-tedavisi,Sülük Tedavisi (Hirudoterapi),faydalari,,Ümraniye,747,1,Hayru Şifa | Sağlık | Sülük Tedavisi | Tedavi | Ümraniye Sülük Tedavisi,https://hayrusifa.com.tr/suluk-terapisi-nedir-faydalari-nelerdir/
suluk-terapisinin-bagisiklik-sistemine-katkilari,Sülük Terapisinin Bağışıklık Sistemine Katkıları,2024-12-03,Tedavi Yöntemleri,suluk-tedavisi,Sülük Tedavisi (Hirudoterapi),faydalari,Bağışıklık,Ümraniye,662,1,Genel | Hayru Şifa | Sağlık | Sülük Tedavisi | Tedavi | Ümraniye Sülük Tedavisi,https://hayrusifa.com.tr/suluk-terapisinin-bagisiklik-sistemine-katkilari/
suluk-terapisinin-damar-sagligina-etkileri,Sülük Terapisinin Damar Sağlığına Etkileri,2024-12-02,Tedavi Yöntemleri,suluk-tedavisi,Sülük Tedavisi (Hirudoterapi),faydalari,Kalp / Dolaşım,Ümraniye,614,1,Hayru Şifa | Sağlık | Sülük Tedavisi | Tedavi | Ümraniye Sülük Tedavisi,https://hayrusifa.com.tr/suluk-terapisinin-damar-sagligina-etkileri/
suluk-terapisinin-yara-iyilesmesine-katkilari,Sülük Terapisinin Yara İyileşmesine Katkıları,2025-03-15,Tedavi Yöntemleri,suluk-tedavisi,Sülük Tedavisi (Hirudoterapi),faydalari,,Ümraniye,885,1,Genel | Hastalıklarda Tedavi | Hayru Şifa | Sağlık | Sülük Tedavisi | Tedavi | Ümraniye Sülük Tedavisi,https://hayrusifa.com.tr/suluk-terapisinin-yara-iyilesmesine-katkilari/
sulukler-ve-mikrodolasim-vucuda-sagladiklari-faydalar,Sülükler ve Mikrodolaşım: Vücuda Sağladıkları Faydalar,2025-02-07,Tedavi Yöntemleri,suluk-tedavisi,Sülük Tedavisi (Hirudoterapi),faydalari,,Ümraniye,762,1,Genel | Hastalıklarda Tedavi | Hayru Şifa | Sağlık | Sülük Tedavisi | Tedavi | Ümraniye Sülük Tedavisi,https://hayrusifa.com.tr/sulukler-ve-mikrodolasim-vucuda-sagladiklari-faydalar/
suluklerin-gozlerdeki-mucizevi-etkisi,Sülüklerin Gözlerdeki Mucizevi Etkisi,2018-07-31,Tedavi Yöntemleri,suluk-tedavisi,Sülük Tedavisi (Hirudoterapi),faydalari,,,381,3,Genel | Sülük Tedavisi,https://hayrusifa.com.tr/suluklerin-gozlerdeki-mucizevi-etkisi/
suluklerin-tukurugundeki-mucize-hirudin-nedir,Sülüklerin Tükürüğündeki Mucize: Hirudin Nedir?,2025-01-26,Tedavi Yöntemleri,suluk-tedavisi,Sülük Tedavisi (Hirudoterapi),faydalari,,Ümraniye,593,1,Genel | Hastalıklarda Tedavi | Hayru Şifa | Sağlık | Sülük Tedavisi | Tedavi | Ümraniye Sülük Tedavisi,https://hayrusifa.com.tr/suluklerin-tukurugundeki-mucize-hirudin-nedir/
tibbi-suluk-nedir-sifa-kaynagi-olarak-kullanimi-ve-faydalari,Tıbbi Sülük Nedir? Şifa Kaynağı Olarak Kullanımı ve Faydaları,2024-09-26,Tedavi Yöntemleri,suluk-tedavisi,Sülük Tedavisi (Hirudoterapi),faydalari,,,1945,1,Hayru Şifa | Sülük Tedavisi,https://hayrusifa.com.tr/tibbi-suluk-nedir-sifa-kaynagi-olarak-kullanimi-ve-faydalari/
tibbi-suluk-tedavisinin-bagisiklik-sistemi-uzerindeki-etkileri,Tıbbi Sülük Tedavisinin Bağışıklık Sistemi Üzerindeki Etkileri,2024-10-16,Tedavi Yöntemleri,suluk-tedavisi,Sülük Tedavisi (Hirudoterapi),faydalari,Bağışıklık,,1563,1,Hayru Şifa | Sülük Tedavisi,https://hayrusifa.com.tr/tibbi-suluk-tedavisinin-bagisiklik-sistemi-uzerindeki-etkileri/
tibbi-suluk-tedavisinin-kan-dolasimina-etkileri-saglik-icin-dogal-destek,Tıbbi Sülük Tedavisinin Kan Dolaşımına Etkileri: Sağlık İçin Doğal Destek,2024-10-16,Tedavi Yöntemleri,suluk-tedavisi,Sülük Tedavisi (Hirudoterapi),faydalari,Kalp / Dolaşım,,1918,1,Hayru Şifa | Sülük Tedavisi,https://hayrusifa.com.tr/tibbi-suluk-tedavisinin-kan-dolasimina-etkileri-saglik-icin-dogal-destek/
dogal-tedavide-suluk-farki,Doğal Tedavide Sülük Farkı,2018-07-23,Tedavi Yöntemleri,suluk-tedavisi,Sülük Tedavisi (Hirudoterapi),genel-yazi,,,471,3,Genel | Sülük Tedavisi,https://hayrusifa.com.tr/dogal-tedavide-suluk-farki/
estetikte-yeni-bir-devrim-suluklerle-dogal-guzellik,Estetikte Yeni Bir Devrim: Sülüklerle Doğal Güzellik,2025-02-25,Tedavi Yöntemleri,suluk-tedavisi,Sülük Tedavisi (Hirudoterapi),genel-yazi,,Ümraniye,756,1,Hastalıklarda Tedavi | Hayru Şifa | Sağlık | Sülük Tedavisi | Tedavi | Ümraniye Sülük Tedavisi,https://hayrusifa.com.tr/estetikte-yeni-bir-devrim-suluklerle-dogal-guzellik/
kisirlikta-suluk-tedavisi,Kısırlıkta Sülük Tedavisi,2018-03-29,Tedavi Yöntemleri,suluk-tedavisi,Sülük Tedavisi (Hirudoterapi),genel-yazi,Kısırlık / Üreme,,471,3,Genel | Hastalıklarda Tedavi | Kısırlık | Sülük Tedavisi,https://hayrusifa.com.tr/kisirlikta-suluk-tedavisi/
kronik-agrilara-alternatif-cozum-suluk-terapisi,Kronik Ağrılara Alternatif Çözüm: Sülük Terapisi,2025-02-01,Tedavi Yöntemleri,suluk-tedavisi,Sülük Tedavisi (Hirudoterapi),genel-yazi,Ağrı,Ümraniye,649,1,Ağrı | Genel | Hastalıklarda Tedavi | Hayru Şifa | Sağlık | Sülük Tedavisi | Tedavi | Ümraniye Sülük Tedavisi,https://hayrusifa.com.tr/kronik-agrilara-alternatif-cozum-suluk-terapisi/
medikal-suluk-tedavi-yontemi,Medikal Sülük Tedavi Yöntemi,2018-07-29,Tedavi Yöntemleri,suluk-tedavisi,Sülük Tedavisi (Hirudoterapi),genel-yazi,,,514,1,Genel | Sülük Tedavisi,https://hayrusifa.com.tr/medikal-suluk-tedavi-yontemi/
romatizma-agrilarini-azaltmada-suluk-tedavisinin-rolu,Romatizma Ağrılarını Azaltmada Sülük Tedavisinin Rolü,2024-11-12,Tedavi Yöntemleri,suluk-tedavisi,Sülük Tedavisi (Hirudoterapi),genel-yazi,Ağrı; Romatizma / Eklem,Üsküdar,1011,1,Hayru Şifa | Sağlık | Sülük Tedavisi | Üsküdar ağrı tedavisi,https://hayrusifa.com.tr/romatizma-agrilarini-azaltmada-suluk-tedavisinin-rolu/
romatizmal-hastaliklarda-suluk-terapisinin-etkisi,Romatizmal Hastalıklarda Sülük Terapisinin Etkisi,2025-02-19,Tedavi Yöntemleri,suluk-tedavisi,Sülük Tedavisi (Hirudoterapi),genel-yazi,Romatizma / Eklem,Ümraniye,729,1,Genel | Hastalıklarda Tedavi | Hayru Şifa | Sağlık | Sülük Tedavisi | Tedavi | Ümraniye Sülük Tedavisi,https://hayrusifa.com.tr/romatizmal-hastaliklarda-suluk-terapisinin-etkisi/
suluk-bagisiklik-sistemi,Sülük Bağışıklık Sistemi,2024-07-30,Tedavi Yöntemleri,suluk-tedavisi,Sülük Tedavisi (Hirudoterapi),genel-yazi,Ağrı; Bağışıklık; Depresyon / Anksiyete; Kronik Yorgunluk,,1700,1,Ağrı | Anksiyete | Genel | Hastalıklarda Tedavi | Kronik Yorgunluk | Sülük Tedavisi,https://hayrusifa.com.tr/suluk-bagisiklik-sistemi/
suluk-tedavisi-ile-kronik-agri-yonetimi,Sülük Tedavisi ile Kronik Ağrı Yönetimi: Doğal Yöntemler,2024-07-26,Tedavi Yöntemleri,suluk-tedavisi,Sülük Tedavisi (Hirudoterapi),genel-yazi,Ağrı,,1549,1,Ağrı | Genel | Hastalıklarda Tedavi | Sülük Tedavisi,https://hayrusifa.com.tr/suluk-tedavisi-ile-kronik-agri-yonetimi/
suluk-tedavisi-kimler-icin-uygundur-uzman-gorusleri,Sülük Tedavisi Kimler İçin Uygundur? Uzman Görüşleri,2024-10-02,Tedavi Yöntemleri,suluk-tedavisi,Sülük Tedavisi (Hirudoterapi),genel-yazi,,,2081,1,Hayru Şifa | Sülük Tedavisi,https://hayrusifa.com.tr/suluk-tedavisi-kimler-icin-uygundur-uzman-gorusleri/
suluk-tedavisi-stresi-azaltma,Sülük Tedavisi Stresi Azaltma,2020-08-15,Tedavi Yöntemleri,suluk-tedavisi,Sülük Tedavisi (Hirudoterapi),genel-yazi,Ağrı; Depresyon / Anksiyete; Stres,,2082,1,Ağrı | Anksiyete | Genel | Hastalıklarda Tedavi | Sülük Tedavisi,https://hayrusifa.com.tr/suluk-tedavisi-stresi-azaltma/
suluk-tedavisinde-dikkat-edilmesi-gerekenler-nelerdir,Sülük Tedavisinde Dikkat Edilmesi Gerekenler Nelerdir?,2018-04-26,Tedavi Yöntemleri,suluk-tedavisi,Sülük Tedavisi (Hirudoterapi),genel-yazi,,,478,3,Genel | Hastalıklarda Tedavi | Sülük Tedavisi,https://hayrusifa.com.tr/suluk-tedavisinde-dikkat-edilmesi-gerekenler-nelerdir/
suluk-tedavisinde-kullanilan-suluk-cesitleri-ve-ozellikleri,Sülük Tedavisinde Kullanılan Sülük Çeşitleri ve Özellikleri,2024-07-26,Tedavi Yöntemleri,suluk-tedavisi,Sülük Tedavisi (Hirudoterapi),genel-yazi,Ağrı,,1549,1,Ağrı | Genel | Hastalıklarda Tedavi | Sülük Tedavisi,https://hayrusifa.com.tr/suluk-tedavisinde-kullanilan-suluk-cesitleri-ve-ozellikleri/
suluk-tedavisinin-cilt-uzerindeki-5-pozitif-etkisi,Sülük Tedavisinin Cilt Üzerindeki 5 Pozitif Etkisi,2024-10-17,Tedavi Yöntemleri,suluk-tedavisi,Sülük Tedavisi (Hirudoterapi),genel-yazi,Cilt,,1403,1,Hayru Şifa | Sülük Tedavisi,https://hayrusifa.com.tr/suluk-tedavisinin-cilt-uzerindeki-5-pozitif-etkisi/
suluk-terapisi-cilt-hastaliklarinda-nasil-etkili-olur,Sülük Terapisi Cilt Hastalıklarında Nasıl Etkili Olur?,2024-11-30,Tedavi Yöntemleri,suluk-tedavisi,Sülük Tedavisi (Hirudoterapi),genel-yazi,Cilt,,728,1,Cilt | Hayru Şifa | Sağlık | Sülük Tedavisi | Tedavi,https://hayrusifa.com.tr/suluk-terapisi-cilt-hastaliklarinda-nasil-etkili-olur/
suluk-terapisi-dogal-bir-iyilestirme,Sülük Terapisi: Doğal Bir İyileştirme,2024-07-26,Tedavi Yöntemleri,suluk-tedavisi,Sülük Tedavisi (Hirudoterapi),genel-yazi,Ağrı,,2214,1,Ağrı | Genel | Hastalıklarda Tedavi | Sülük Tedavisi,https://hayrusifa.com.tr/suluk-terapisi-dogal-bir-iyilestirme/
suluk-terapisi-ile-bag-dokusu-ve-kikirdak-yenilenmesi-mumkun-mu,Sülük Terapisi ile Bağ Dokusu ve Kıkırdak Yenilenmesi Mümkün mü?,2024-11-05,Tedavi Yöntemleri,suluk-tedavisi,Sülük Tedavisi (Hirudoterapi),genel-yazi,,Ümraniye,1240,1,Hayru Şifa | Sağlık | Sülük Tedavisi | Ümraniye Sülük Tedavisi,https://hayrusifa.com.tr/suluk-terapisi-ile-bag-dokusu-ve-kikirdak-yenilenmesi-mumkun-mu/
suluk-terapisi-ile-cerrahi-mudahalelere-alternatif-yaklasimlar,Sülük Terapisi İle Cerrahi Müdahalelere Alternatif Yaklaşımlar,2025-03-03,Tedavi Yöntemleri,suluk-tedavisi,Sülük Tedavisi (Hirudoterapi),genel-yazi,,,727,1,Genel | Hastalıklarda Tedavi | Hayru Şifa | Sağlık | Sülük Tedavisi | Tedavi,https://hayrusifa.com.tr/suluk-terapisi-ile-cerrahi-mudahalelere-alternatif-yaklasimlar/
suluk-terapisi-ile-dogal-kan-dolasimi-duzenlemesi,Sülük Terapisi ile Doğal Kan Dolaşımı Düzenlemesi,2024-12-02,Tedavi Yöntemleri,suluk-tedavisi,Sülük Tedavisi (Hirudoterapi),genel-yazi,Kalp / Dolaşım,Ümraniye,684,1,Genel | Hayru Şifa | Sağlık | Sülük Tedavisi | Tedavi | Ümraniye Sülük Tedavisi,https://hayrusifa.com.tr/suluk-terapisi-ile-dogal-kan-dolasimi-duzenlemesi/
suluk-terapisi-ile-stresi-azaltmak,Sülük Terapisi ile Stresi Azaltmak,2024-07-26,Tedavi Yöntemleri,suluk-tedavisi,Sülük Tedavisi (Hirudoterapi),genel-yazi,Ağrı; Depresyon / Anksiyete; Hormon Bozukluğu; Stres,,1415,1,Ağrı | Genel | Hastalıklarda Tedavi | Hormon Bozukluğu | Kas Spazmı | Ruhsal Hastalıklar | Sülük Tedavisi,https://hayrusifa.com.tr/suluk-terapisi-ile-stresi-azaltmak/
suluk-terapisi-ile-varis-tedavisi-nasil-calisir-etkili-mi,"Sülük Terapisi ile Varis Tedavisi: Nasıl Çalışır, Etkili mi?",2024-11-04,Tedavi Yöntemleri,suluk-tedavisi,Sülük Tedavisi (Hirudoterapi),genel-yazi,Varis,Ümraniye,881,1,Hayru Şifa | Sağlık | Sülük Tedavisi | Tedavi | Ümraniye Sülük Tedavisi | Varis,https://hayrusifa.com.tr/suluk-terapisi-ile-varis-tedavisi-nasil-calisir-etkili-mi/
suluk-terapisi-ve-kan-dolasimi-dengesi,Sülük Terapisi ve Kan Dolaşımı Dengesi,2024-12-03,Tedavi Yöntemleri,suluk-tedavisi,Sülük Tedavisi (Hirudoterapi),genel-yazi,Kalp / Dolaşım,Ümraniye,462,1,Genel | Hayru Şifa | Sağlık | Sülük Tedavisi | Tedavi | Ümraniye Sülük Tedavisi,https://hayrusifa.com.tr/suluk-terapisi-ve-kan-dolasimi-dengesi/
suluk-terapisi-ve-varis-tedavisindeki-etkisi,Sülük Terapisi ve Varis Tedavisindeki Etkisi,2024-12-04,Tedavi Yöntemleri,suluk-tedavisi,Sülük Tedavisi (Hirudoterapi),genel-yazi,Varis,,598,1,Hayru Şifa | Sağlık | Sülük Tedavisi | Tedavi | Varis,https://hayrusifa.com.tr/suluk-terapisi-ve-varis-tedavisindeki-etkisi/
suluk-terapisinin-dogal-sifa-surecindeki-yeri,Sülük Terapisinin Doğal Şifa Sürecindeki Yeri,2024-12-03,Tedavi Yöntemleri,suluk-tedavisi,Sülük Tedavisi (Hirudoterapi),genel-yazi,,Ümraniye,500,1,Genel | Hayru Şifa | Sağlık | Sülük Tedavisi | Tedavi | Ümraniye Sülük Tedavisi,https://hayrusifa.com.tr/suluk-terapisinin-dogal-sifa-surecindeki-yeri/
suluk-uygulamasi-ve-kisirlik-tedavisi,Sülük Uygulaması Ve Kısırlık Tedavisi,2018-05-29,Tedavi Yöntemleri,suluk-tedavisi,Sülük Tedavisi (Hirudoterapi),genel-yazi,Kısırlık / Üreme,,517,1,Genel | Hastalıklarda Tedavi | Kısırlık | Sülük Tedavisi,https://hayrusifa.com.tr/suluk-uygulamasi-ve-kisirlik-tedavisi/
suluklerle-kan-dolasimini-duzenlemenin-yollari,Sülüklerle Kan Dolaşımını Düzenlemenin Yolları,2025-01-04,Tedavi Yöntemleri,suluk-tedavisi,Sülük Tedavisi (Hirudoterapi),genel-yazi,Kalp / Dolaşım,,694,1,Hayru Şifa | Sağlık | Sülük Tedavisi | Tedavi,https://hayrusifa.com.tr/suluklerle-kan-dolasimini-duzenlemenin-yollari/
tibbi-suluk-kan-dolasimini-iyilestirme,Tıbbi Sülük Kan Dolaşımını İyileştirme,2020-07-05,Tedavi Yöntemleri,suluk-tedavisi,Sülük Tedavisi (Hirudoterapi),genel-yazi,Ağrı; Kalp / Dolaşım; Migren,,1432,1,Ağrı | Derin Doku | Genel | Hastalıklarda Tedavi | Kalp | Migren | Sülük Tedavisi,https://hayrusifa.com.tr/tibbi-suluk-kan-dolasimini-iyilestirme/
tibbi-suluk-tedavisi,Tıbbi Sülük Tedavisi,2020-06-20,Tedavi Yöntemleri,suluk-tedavisi,Sülük Tedavisi (Hirudoterapi),genel-yazi,Ağrı; Depresyon / Anksiyete; Kalp / Dolaşım,,1495,1,Ağrı | Anksiyete | Genel | Hastalıklarda Tedavi | Kalp | Sülük Tedavisi,https://hayrusifa.com.tr/tibbi-suluk-tedavisi/
tibbi-suluk-tedavisi-ile-kronik-agri-yonetimi,Tıbbi Sülük Tedavisi ile Kronik Ağrı Yönetimi,2020-08-05,Tedavi Yöntemleri,suluk-tedavisi,Sülük Tedavisi (Hirudoterapi),genel-yazi,Ağrı; Depresyon / Anksiyete,,1496,1,Ağrı | Akupunktur | Anksiyete | Boyun ve Sırt | Genel | Hastalıklarda Tedavi | Sülük Tedavisi,https://hayrusifa.com.tr/tibbi-suluk-tedavisi-ile-kronik-agri-yonetimi/
tibbi-suluk-tedavisinde-kullanilan-suluk-turleri-nelerdir,Tıbbi Sülük Tedavisinde Kullanılan Sülük Türleri Nelerdir?,2024-10-17,Tedavi Yöntemleri,suluk-tedavisi,Sülük Tedavisi (Hirudoterapi),genel-yazi,,,1373,1,Hayru Şifa | Sülük Tedavisi,https://hayrusifa.com.tr/tibbi-suluk-tedavisinde-kullanilan-suluk-turleri-nelerdir/
umraniye-hirudoterapi,Ümraniye Hirudoterapi,2024-08-02,Tedavi Yöntemleri,suluk-tedavisi,Sülük Tedavisi (Hirudoterapi),genel-yazi,,Ümraniye,2292,1,Genel | Hastalıklarda Tedavi | Hirudoterapi,https://hayrusifa.com.tr/umraniye-hirudoterapi/
umraniye-suluk-tedavisi,Ümraniye Sülük Tedavisi,2024-07-25,Tedavi Yöntemleri,suluk-tedavisi,Sülük Tedavisi (Hirudoterapi),genel-yazi,,Ümraniye,1837,1,Hastalıklarda Tedavi | Sülük Tedavisi | Ümraniye Sülük Tedavisi,https://hayrusifa.com.tr/umraniye-suluk-tedavisi/
uskudar-hirudoterapi,Üsküdar Hirudoterapi,2024-08-18,Tedavi Yöntemleri,suluk-tedavisi,Sülük Tedavisi (Hirudoterapi),genel-yazi,,Üsküdar,1790,1,Genel | Hastalıklarda Tedavi | Hirudoterapi | Üsküdar Hirudoterapi,https://hayrusifa.com.tr/uskudar-hirudoterapi/
uskudar-suluk-tedavisi,Üsküdar Sülük Tedavisi,2024-08-18,Tedavi Yöntemleri,suluk-tedavisi,Sülük Tedavisi (Hirudoterapi),genel-yazi,,Üsküdar,2578,1,Genel | Hastalıklarda Tedavi | Sülük Tedavisi,https://hayrusifa.com.tr/uskudar-suluk-tedavisi/
yuz-genclestirme-icin-dogal-yontem-suluk-terapisi,Yüz Gençleştirme İçin Doğal Yöntem: Sülük Terapisi,2025-01-20,Tedavi Yöntemleri,suluk-tedavisi,Sülük Tedavisi (Hirudoterapi),genel-yazi,,Ümraniye,666,1,Genel | Hayru Şifa | Sağlık | Sülük Tedavisi | Tedavi | Ümraniye Sülük Tedavisi,https://hayrusifa.com.tr/yuz-genclestirme-icin-dogal-yontem-suluk-terapisi/
hangi-hastaliklarda-suluk-terapisi-daha-etkilidir,Hangi Hastalıklarda Sülük Terapisi Daha Etkilidir?,2024-12-29,Tedavi Yöntemleri,suluk-tedavisi,Sülük Tedavisi (Hirudoterapi),hangi-hastaliklar,,Ümraniye,668,1,Sağlık | Sülük Tedavisi | Tedavi | Ümraniye Sülük Tedavisi,https://hayrusifa.com.tr/hangi-hastaliklarda-suluk-terapisi-daha-etkilidir/
suluk-tedavisi-hangi-hastaliklara-iyi-gelir-10-sasirtici-fayda,Sülük Tedavisi Hangi Hastalıklara İyi Gelir? 10 Şaşırtıcı Fayda,2024-10-17,Tedavi Yöntemleri,suluk-tedavisi,Sülük Tedavisi (Hirudoterapi),hangi-hastaliklar,,,1496,1,Hayru Şifa | Sülük Tedavisi,https://hayrusifa.com.tr/suluk-tedavisi-hangi-hastaliklara-iyi-gelir-10-sasirtici-fayda/
suluk-tedavisi-nedir-ve-hangi-hastaliklarda-uygulanir,Sülük Tedavisi Nedir Ve Hangi Hastalıklarda Uygulanır?,2014-09-09,Tedavi Yöntemleri,suluk-tedavisi,Sülük Tedavisi (Hirudoterapi),hangi-hastaliklar,,,483,3,Genel | Sülük Tedavisi,https://hayrusifa.com.tr/suluk-tedavisi-nedir-ve-hangi-hastaliklarda-uygulanir/
suluk-terapisi-hangi-hastaliklara-iyi-gelir,Sülük Terapisi Hangi Hastalıklara İyi Gelir?,2024-11-27,Tedavi Yöntemleri,suluk-tedavisi,Sülük Tedavisi (Hirudoterapi),hangi-hastaliklar,,Ümraniye,763,0,Hayru Şifa | Sağlık | Sülük Tedavisi | Ümraniye Sülük Tedavisi,https://hayrusifa.com.tr/suluk-terapisi-hangi-hastaliklara-iyi-gelir/
suluk-uygulamasi-hangi-hastaliklara-sifadir,Sülük Uygulaması Hangi Hastalıklara Şifadır?,2018-04-26,Tedavi Yöntemleri,suluk-tedavisi,Sülük Tedavisi (Hirudoterapi),hangi-hastaliklar,,,490,3,Genel | Hastalıklarda Tedavi | Sülük Tedavisi,https://hayrusifa.com.tr/suluk-uygulamasi-hangi-hastaliklara-sifadir/
tibbi-suluk-ile-dogal-tedavi-hangi-hastaliklarda-kullanilir,Tıbbi Sülük ile Doğal Tedavi: Hangi Hastalıklarda Kullanılır?,2024-09-26,Tedavi Yöntemleri,suluk-tedavisi,Sülük Tedavisi (Hirudoterapi),hangi-hastaliklar,,,1609,1,Hayru Şifa | Sülük Tedavisi,https://hayrusifa.com.tr/tibbi-suluk-ile-dogal-tedavi-hangi-hastaliklarda-kullanilir/
tibbi-suluk-tedavisi-kimler-icin-uygun-degildir,Tıbbi Sülük Tedavisi Kimler İçin Uygun Değildir?,2024-09-20,Tedavi Yöntemleri,suluk-tedavisi,Sülük Tedavisi (Hirudoterapi),kimler-icin-uygun,,,1216,1,Hayru Şifa | Sülük Tedavisi,https://hayrusifa.com.tr/tibbi-suluk-tedavisi-kimler-icin-uygun-degildir/
suluk-tedavisi-nedir-dogal-bir-sifa-yontemi,Sülük Tedavisi Nedir? Doğal Bir Şifa Yöntemi,2024-09-20,Tedavi Yöntemleri,suluk-tedavisi,Sülük Tedavisi (Hirudoterapi),nedir-genel,,,1213,1,Hayru Şifa | Sülük Tedavisi,https://hayrusifa.com.tr/suluk-tedavisi-nedir-dogal-bir-sifa-yontemi/
ameliyat-sonrasi-iyilesmeyi-hizlandirmak-icin-suluk-tedavisi,Ameliyat Sonrası İyileşmeyi Hızlandırmak İçin Sülük Tedavisi,2024-11-05,Tedavi Yöntemleri,suluk-tedavisi,Sülük Tedavisi (Hirudoterapi),sonrasi-bakim,,,1171,1,Hayru Şifa | Sülük Tedavisi | Tedavi,https://hayrusifa.com.tr/ameliyat-sonrasi-iyilesmeyi-hizlandirmak-icin-suluk-tedavisi/
suluk-tedavisi-sonrasi-bakim-hizli-iyilesme-icin-ipuclari,Sülük Tedavisi Sonrası Bakım: Hızlı İyileşme İçin İpuçları,2024-09-27,Tedavi Yöntemleri,suluk-tedavisi,Sülük Tedavisi (Hirudoterapi),sonrasi-bakim,,,2391,1,Hayru Şifa | Sülük Tedavisi,https://hayrusifa.com.tr/suluk-tedavisi-sonrasi-bakim-hizli-iyilesme-icin-ipuclari/
suluk-tedavisi-sonrasi-yapilmasi-gereken-bakimlar-ve-ipuclari,Sülük Tedavisi Sonrası Yapılması Gereken Bakımlar ve İpuçları,2024-11-12,Tedavi Yöntemleri,suluk-tedavisi,Sülük Tedavisi (Hirudoterapi),sonrasi-bakim,,Ümraniye,863,1,Hayru Şifa | Sağlık | Sülük Tedavisi | Tedavi | Ümraniye Sülük Tedavisi,https://hayrusifa.com.tr/suluk-tedavisi-sonrasi-yapilmasi-gereken-bakimlar-ve-ipuclari/
suluk-terapisi-oncesi-ve-sonrasi-bilmeniz-gerekenler,Sülük Terapisi Öncesi ve Sonrası Bilmeniz Gerekenler,2024-12-02,Tedavi Yöntemleri,suluk-tedavisi,Sülük Tedavisi (Hirudoterapi),sonrasi-bakim,,Ümraniye,440,1,Hayru Şifa | Sağlık | Sülük Tedavisi | Tedavi | Ümraniye Sülük Tedavisi,https://hayrusifa.com.tr/suluk-terapisi-oncesi-ve-sonrasi-bilmeniz-gerekenler/
suluk-terapisi-oncesi-ve-sonrasi-surecler-bilmeniz-gerekenler,Sülük Terapisi Öncesi ve Sonrası Süreçler: Bilmeniz Gerekenler,2025-02-13,Tedavi Yöntemleri,suluk-tedavisi,Sülük Tedavisi (Hirudoterapi),sonrasi-bakim,,,668,1,Genel | Hastalıklarda Tedavi | Hayru Şifa | Sağlık | Sülük Tedavisi | Tedavi,https://hayrusifa.com.tr/suluk-terapisi-oncesi-ve-sonrasi-surecler-bilmeniz-gerekenler/
tibbi-suluk-tedavisi-sonrasi-dikkat-edilmesi-gerekenler,Tıbbi Sülük Tedavisi Sonrası Nelere Dikkat Edilmelidir?,2024-10-18,Tedavi Yöntemleri,suluk-tedavisi,Sülük Tedavisi (Hirudoterapi),sonrasi-bakim,,,1416,1,Genel | Hayru Şifa | Sülük Tedavisi,https://hayrusifa.com.tr/tibbi-suluk-tedavisi-sonrasi-dikkat-edilmesi-gerekenler/
tibbi-suluk-tedavisi-sonrasi-nelere-dikkat-edilmelidir-iyilesme-surecinizi-destekleyin,Tıbbi Sülük Tedavisi Sonrası Nelere Dikkat Edilmelidir? İyileşme Sürecinizi Destekleyin,2024-10-17,Tedavi Yöntemleri,suluk-tedavisi,Sülük Tedavisi (Hirudoterapi),sonrasi-bakim,,,1425,1,Hayru Şifa | Sülük Tedavisi,https://hayrusifa.com.tr/tibbi-suluk-tedavisi-sonrasi-nelere-dikkat-edilmelidir-iyilesme-surecinizi-destekleyin/
tibbi-suluk-ile-dogal-sifa-sik-sorulan-sorular-ve-cevaplar,Tıbbı Sülük ile Doğal Şifa: Sık Sorulan Sorular ve Cevaplar,2024-10-18,Tedavi Yöntemleri,suluk-tedavisi,Sülük Tedavisi (Hirudoterapi),sss,,,1834,1,Hayru Şifa | Sülük Tedavisi,https://hayrusifa.com.tr/tibbi-suluk-ile-dogal-sifa-sik-sorulan-sorular-ve-cevaplar/
tibbi-suluk-tedavisi-ile-ilgili-sik-sorulan-sorular-ve-cevaplar,Tıbbi Sülük Tedavisi ile İlgili Sık Sorulan Sorular ve Cevaplar,2024-09-27,Tedavi Yöntemleri,suluk-tedavisi,Sülük Tedavisi (Hirudoterapi),sss,,,1055,1,Hayru Şifa | Sülük Tedavisi,https://hayrusifa.com.tr/tibbi-suluk-tedavisi-ile-ilgili-sik-sorulan-sorular-ve-cevaplar/
suluk-tedavisi-ile-dogal-iyilesme-adim-adim-surec,Sülük Tedavisi ile Doğal İyileşme: Adım Adım Süreç,2024-10-17,Tedavi Yöntemleri,suluk-tedavisi,Sülük Tedavisi (Hirudoterapi),uygulama-surec,,,1929,1,Hayru Şifa | Sülük Tedavisi,https://hayrusifa.com.tr/suluk-tedavisi-ile-dogal-iyilesme-adim-adim-surec/
suluk-tedavisi-nasil-yapilir-adim-adim-rehber,Sülük Tedavisi Nasıl Yapılır? Adım Adım Kılavuz,2024-07-26,Tedavi Yöntemleri,suluk-tedavisi,Sülük Tedavisi (Hirudoterapi),uygulama-surec,Ağrı,,1368,1,Ağrı | Genel | Sülük Tedavisi,https://hayrusifa.com.tr/suluk-tedavisi-nasil-yapilir-adim-adim-rehber/
tibbi-suluk-tedavisi-nasil-uygulanir,Tıbbi Sülük Tedavisi Nasıl Uygulanır?,2020-07-10,Tedavi Yöntemleri,suluk-tedavisi,Sülük Tedavisi (Hirudoterapi),uygulama-surec,Ağrı; Cilt; Migren,,3637,1,Ağrı | Cilt | Genel | Hastalıklarda Tedavi | Migren | Sülük Tedavisi,https://hayrusifa.com.tr/tibbi-suluk-tedavisi-nasil-uygulanir/
suluk-tedavisinin-yan-etkileri-ve-dikkat-edilmesi-gerekenler,Sülük Tedavisinin Yan Etkileri ve Dikkat Edilmesi Gerekenler,2024-07-26,Tedavi Yöntemleri,suluk-tedavisi,Sülük Tedavisi (Hirudoterapi),yan-etkiler-riskler,Ağrı,,2325,1,Ağrı | Genel | Hastalıklarda Tedavi | Sülük Tedavisi,https://hayrusifa.com.tr/suluk-tedavisinin-yan-etkileri-ve-dikkat-edilmesi-gerekenler/
suluk-tedavisinin-yan-etkileri-ve-riskleri,Sülük Tedavisinin Yan Etkileri ve Riskleri: Neler Bilinmeli?,2024-10-18,Tedavi Yöntemleri,suluk-tedavisi,Sülük Tedavisi (Hirudoterapi),yan-etkiler-riskler,,,1638,1,Hayru Şifa | Sülük Tedavisi,https://hayrusifa.com.tr/suluk-tedavisinin-yan-etkileri-ve-riskleri/
suluk-terapisi-guvenli-midir-uzmanlardan-oneriler,Sülük Terapisi Güvenli midir? Uzmanlardan Öneriler,2024-12-02,Tedavi Yöntemleri,suluk-tedavisi,Sülük Tedavisi (Hirudoterapi),yan-etkiler-riskler,,Ümraniye,627,1,Hayru Şifa | Sağlık | Sülük Tedavisi | Tedavi | Ümraniye Sülük Tedavisi,https://hayrusifa.com.tr/suluk-terapisi-guvenli-midir-uzmanlardan-oneriler/
suluk-terapisinin-enfeksiyon-riskini-azaltan-faydalari-nelerdir,Sülük Terapisinin Enfeksiyon Riskini Azaltan Faydaları Nelerdir?,2024-11-11,Tedavi Yöntemleri,suluk-tedavisi,Sülük Tedavisi (Hirudoterapi),yan-etkiler-riskler,,Ümraniye,990,1,Hayru Şifa | Sağlık | Sülük Tedavisi | Ümraniye Sülük Tedavisi,https://hayrusifa.com.tr/suluk-terapisinin-enfeksiyon-riskini-azaltan-faydalari-nelerdir/
tibbi-suluk-tedavisinin-yan-etkileri-ve-dikkat-edilmesi-gerekenler,Tıbbi Sülük Tedavisinin Yan Etkileri ve Dikkat Edilmesi Gerekenler,2020-07-15,Tedavi Yöntemleri,suluk-tedavisi,Sülük Tedavisi (Hirudoterapi),yan-etkiler-riskler,Ağrı; Cilt; Depresyon / Anksiyete,,1408,1,Ağrı | Anksiyete | Cilt | Genel | Hastalıklarda Tedavi | Sülük Tedavisi,https://hayrusifa.com.tr/tibbi-suluk-tedavisinin-yan-etkileri-ve-dikkat-edilmesi-gerekenler/
tibbi-suluk-tedavisinin-yan-etkileri-ve-riskleri-nelerdir,Tıbbi Sülük Tedavisinin Yan Etkileri ve Riskleri Nelerdir?,2024-10-18,Tedavi Yöntemleri,suluk-tedavisi,Sülük Tedavisi (Hirudoterapi),yan-etkiler-riskler,,,1427,1,Hayru Şifa | Sülük Tedavisi,https://hayrusifa.com.tr/tibbi-suluk-tedavisinin-yan-etkileri-ve-riskleri-nelerdir/
